MarketHour,CSWS,EDE,GRDA,INDN,KACY,KCPL,LES,MPS,NPPD,OKGE,OPPD,SECI,SPRM,SPS,WFEC,WR
2/1/11 7:00,4752.862,647.746,545.479,124.715,302.439,1910.739,428.489,1094.058,2271.833,3689.06,1438.645,624.147,324.385,3540.312,1119.041,3484.963
2/1/11 8:00,4685.453,645.106,543.435,123.087,301.224,1903.387,421.904,1088.08,2288.204,3654.791,1413.274,616.884,318.021,3535.055,1132.605,3461.687
2/1/11 9:00,4676.8,649.843,546.885,123.087,298.759,1912.336,421.157,1091.506,2284.938,3667.028,1405.149,617.606,312.061,3552.252,1155.375,3465.802
2/1/11 10:00,4732.34,663.012,554.84,123.955,300.305,1935.724,420.718,1106.661,2266.691,3709.876,1409.444,620.528,311.764,3585.348,1184.432,3491.731
2/1/11 11:00,4849.639,689.821,567.971,129.296,300.303,1989.189,428.052,1144.538,2260.852,3802.802,1420.586,623.154,322.141,3635.435,1222.081,3573.859
2/1/11 12:00,5131.618,739.552,586.665,135.845,310.062,2095.697,454.007,1208.62,2384.711,3941.305,1489.816,633.203,343.988,3745.036,1269.703,3739.207
2/1/11 13:00,5584.734,778.617,600.053,144.287,330.728,2262.901,489.193,1288.393,2499.824,4104.257,1591.921,673.14,366.351,3903.926,1334.717,4009.62
2/1/11 14:00,5910.877,807.606,616.311,151.61,346.447,2383.102,517.394,1345.412,2598.376,4268.568,1659.744,712.702,379.503,4018.402,1381.506,4221.8
2/1/11 15:00,6146.964,832.636,631.074,155.13,349.398,2418.449,527.094,1365.52,2605.05,4371.594,1672.441,722.241,385.727,4030.353,1411.642,4308.344
2/1/11 16:00,6449.911,862.892,643.952,159.959,353.818,2460.82,538.296,1385.915,2601.562,4489.103,1702.386,734.883,401.401,4035.402,1419.735,4408.491
2/1/11 17:00,6722.845,878.373,649.709,167.022,356.089,2486.583,549.872,1397.505,2628.432,4613.042,1728.542,750.208,408.616,4020.944,1453.098,4495.174
2/1/11 18:00,6908.947,878.449,653.346,169.764,348.596,2493.303,555.968,1407.824,2618.47,4658.566,1728.604,754.974,403.767,3976.481,1462.112,4528.167
2/1/11 19:00,7045.533,861.821,648.46,170.141,338.013,2465.375,555.656,1400.495,2565.544,4639.617,1731.482,748.563,394.22,3941.229,1435.276,4481.809
2/1/11 20:00,7126.089,859.63,636.886,168.141,332.501,2427.247,550.347,1391.766,2489.255,4529.138,1715.455,745.223,386.823,3902.2,1395.808,4430.314
2/1/11 21:00,7113.574,856.691,619.612,164.703,322.421,2384.97,544.508,1358.515,2423.413,4474.215,1704.927,732.998,381.683,3872.339,1373.637,4363.286
2/1/11 22:00,7135.735,850.363,608.833,165.28,314.241,2374.701,537.352,1354.5,2402.095,4428.665,1696.779,718.548,382.201,3842.058,1354.646,4299.989
2/1/11 23:00,7304.389,858.821,611.785,166.484,311.723,2382.415,538.217,1379.613,2413.307,4453.183,1708.348,712.559,386.895,3873.086,1360.424,4267.79
2/2/11 0:00,7609.941,892.325,628.474,174.139,316.313,2471.601,555.492,1433.545,2461.089,4595.836,1778.51,713.676,413.449,3959.098,1423.433,4356.815
2/2/11 1:00,8052.487,927,655.278,179.515,323.589,2526.673,570.437,1463.578,2598.085,4823.1,1827.035,735.906,433.902,4117.71,1496.491,4502.451
2/2/11 2:00,8030.623,911.771,648.445,174.404,324.777,2468.997,558.951,1424.745,2592.846,4787.039,1791.315,735.755,425.269,4198.271,1496.881,4413.476
2/2/11 3:00,7980.844,896.213,638.881,170.059,316.374,2414.566,543.692,1387.146,2565.748,4723.364,1743.487,720.502,415.4,4189.32,1486.909,4299.577
2/2/11 4:00,7786.976,881.473,628.535,163.585,312.473,2340.961,521.914,1348.011,2501.371,4599.757,1672.368,704.439,403.348,4125.641,1462.696,4158.535
2/2/11 5:00,7516.865,861.912,615.994,154.473,303.098,2233.397,487.751,1292.046,2384.969,4450.026,1573.714,680.67,385.515,4006.941,1420.344,3961.649
2/2/11 6:00,7275.691,842.958,601.183,146.166,294.802,2138.106,461.384,1238.6,2310.027,4295.002,1492.429,652.054,372.154,3879.462,1385.185,3779.188
2/2/11 7:00,7143.553,835.721,591.831,141.424,289.47,2097.617,446.944,1213.697,2274.544,4202.204,1449.529,636.768,363.41,3802.688,1371.94,3691.972
2/2/11 8:00,7129.201,831.677,586.379,139.657,286.745,2088.1,439.947,1212.711,2247.021,4146.582,1428.654,625.452,357.369,3771.278,1373.735,3655.981
2/2/11 9:00,7127.657,832.12,583.769,138.849,285.059,2089.186,436.464,1212.369,2262.054,4106.934,1414.159,626.286,354.333,3757.937,1382.469,3642.054
2/2/11 10:00,7167.307,840.377,587.506,138.534,284.745,2096.05,436.59,1218.795,2273.041,4107.287,1417.261,624.784,354.875,3752.391,1383.743,3653.841
2/2/11 11:00,7255.827,863.48,594.029,141.357,287.295,2128.574,444.069,1235.018,2258.011,4156.662,1444.562,628.321,361.019,3759.919,1399.676,3703.888
2/2/11 12:00,7473.197,892.309,605.944,146.029,296.544,2205.622,464.304,1274.067,2351.202,4256.742,1506.683,644.523,376.597,3830.162,1422.9,3817.897
2/2/11 13:00,7859.18,923.65,616.355,152.167,308.09,2317.643,497.519,1326.965,2493.754,4422.423,1602.7,676.445,395.158,3956.173,1448.171,4031.695
2/2/11 14:00,7985.477,940.784,625.831,156.428,310.479,2368.868,522.961,1357.812,2595.359,4530.791,1669.032,709.904,402.829,4061.544,1462.499,4157.057
2/2/11 15:00,7923.73,935.982,624.247,158.138,313.154,2367.39,525.055,1354.649,2549.678,4578.845,1679.915,709.065,411.497,4090.508,1443.496,4188.213
2/2/11 16:00,7850.289,924.312,623.085,160.609,316.802,2359.304,523.699,1342.198,2505.049,4632.419,1685.303,720.817,417.305,4100.116,1428.345,4206.687
2/2/11 17:00,7682.158,904.22,622.816,163.753,319.567,2338.893,520.863,1330.785,2448.212,4630.571,1692.738,724.944,416.175,4049.58,1415.052,4223.99
2/2/11 18:00,7440.273,879.25,617.443,162.225,319.418,2319.899,515.86,1313.791,2388.992,4583.463,1683.455,719.468,411.206,3974.101,1366.356,4201.72
2/2/11 19:00,7193.455,851.213,606.947,160.113,324.851,2292.388,510.335,1286.838,2321.018,4489.256,1650.491,709.386,405.298,3902.091,1306.653,4143.416
2/2/11 20:00,6954.153,819.153,596.39,156.831,322.445,2255.198,501.07,1259.899,2259.874,4367.688,1631.228,703.368,399.992,3829.498,1257.412,4084.401
2/2/11 21:00,6753.032,794.74,587.326,154.312,320.133,2220.841,492.349,1233.484,2147.138,4259.827,1603.707,690.696,394.959,3766.083,1225.053,4009.462
2/2/11 22:00,6682.206,787.253,583.25,153.331,320.671,2204.601,482.781,1224.834,2140.98,4207.104,1588.378,677.045,392.313,3736.668,1217.07,3955.13
2/2/11 23:00,6811.108,808.208,587.946,157.443,318.559,2227.988,482.205,1255.378,2167.75,4263.207,1598.783,677.848,396.626,3748.708,1243.8,3974.536
2/3/11 0:00,7156.584,879.536,615.69,169.493,328.136,2373.765,501.217,1362.458,2236.688,4445.052,1670.054,676.51,425.024,3813.981,1313.81,4129.366
2/3/11 1:00,7689.078,957.028,655.625,183.398,341.587,2543.664,535.783,1469.591,2357.052,4712.961,1770.347,710.417,453.96,3971.846,1404.826,4376.406
2/3/11 2:00,7721.961,958.476,654.185,181.295,351.025,2540.776,533.258,1468.157,2373.81,4713.796,1760.407,708.771,447.475,4023.761,1412.943,4364.96
2/3/11 3:00,7659.781,953.696,647.188,177.772,350.066,2510.857,525.116,1452.389,2364.312,4660.34,1727.452,656.772,438.293,3988.701,1399.616,4321.185
2/3/11 4:00,7470.415,939.114,639.837,169.881,343.786,2438.402,505.325,1418.853,2322.409,4559.544,1660.034,633.151,425.303,3914.646,1378.117,4198.833
2/3/11 5:00,7155.684,915.315,626.87,157.413,336.054,2327.227,471.508,1360.464,2232.404,4432.333,1556.757,607.258,406.467,3780.117,1336.9,4007.86
2/3/11 6:00,6892.552,897.207,614.895,148.26,327.338,2241.851,445.203,1317.891,2161.273,4290.911,1472.723,591.631,390.625,3658.269,1308.591,3845.015
2/3/11 7:00,6755.774,898.508,609.561,143.652,322.646,2199.24,430.582,1305.718,2130.068,4194.928,1431.312,573.138,381.122,3601.04,1304.332,3750.788
2/3/11 8:00,6735.217,909.244,609.15,141.554,322.994,2182.255,422.402,1307.568,2116.245,4167.795,1406.454,562.995,378.172,3581.17,1308.579,3702.166
2/3/11 9:00,6725.995,922.42,612.217,141.445,322.433,2180.92,420.071,1315.912,2121.181,4162.762,1397.716,561.254,377.439,3577.754,1315.166,3684.855
2/3/11 10:00,6779.832,939.344,612.714,141.946,318.275,2197.814,420.36,1331.405,2115.652,4152.469,1399.313,561.302,378.521,3588.593,1320.814,3701.871
2/3/11 11:00,6925.583,963.832,613.767,146.575,326.589,2237.382,429.706,1360.762,2148.054,4198.753,1425.105,566.2,386.111,3610.248,1336.259,3768.52
2/3/11 12:00,7223.39,1003.343,615.154,154.409,336.121,2344.762,453.227,1424.031,2227.575,4361.82,1496.993,578.701,405.331,3646.857,1373.316,3936.854
2/3/11 13:00,7691.755,1058.995,639.191,164.14,351.9,2520.701,496.696,1506.172,2384.709,4602.776,1632.479,622.73,432.658,3810.188,1411.103,4253.774
2/3/11 14:00,7881.011,1089.92,644.425,167.61,358.059,2601.163,524.386,1543.458,2463.958,4758.184,1697.376,660.649,448.891,3928.97,1424.231,4431.328
2/3/11 15:00,7872.676,1088.595,644.867,167.225,359.481,2557.148,513.699,1516.145,2417.124,4760.291,1657.426,660.056,457.97,3938.37,1394.197,4404.551
2/3/11 16:00,7830.72,1063.641,641.679,166.714,361.832,2519.45,501.755,1462.034,2351.131,4745.279,1631.935,660.185,465.385,3897.713,1370.375,4349.208
2/3/11 17:00,7742.042,1012.209,633.92,165.023,360.759,2471.672,492.674,1412.305,2259.625,4707.359,1614.115,664.731,461.158,3814.277,1352.716,4282.689
2/3/11 18:00,7562.515,964.107,608.886,161.161,349.217,2399.056,481.261,1361.626,2210.608,4637.517,1589.679,650.648,455.875,3717.271,1304.561,4172.77
2/3/11 19:00,7355.707,914.58,591.907,157.777,336.668,2343.484,471.351,1309.454,2140.21,4521.259,1559.904,617.944,437.645,3616.08,1249.838,4072.715
2/3/11 20:00,7192.951,873.142,578.203,153.965,334.659,2296.02,464.148,1268.05,2097.636,4425.468,1547.704,595.365,426.089,3515.913,1208.225,3997.4
2/3/11 21:00,7022.329,834.978,566.236,150.883,331.274,2249.397,453.066,1232.968,2039.532,4335.878,1521.596,575.604,416.667,3423.444,1184.882,3924.54
2/3/11 22:00,6978.05,808.518,562.798,149.827,328.381,2215.605,448.524,1214.113,1984.227,4304.147,1501.557,559.86,406.134,3380.221,1179.811,3851.94
2/3/11 23:00,7058.325,812.069,573.38,152.424,323.732,2221.196,450.491,1231.217,1975.31,4340.732,1512.689,560.49,404.893,3401.931,1199.436,3836.257
2/4/11 0:00,7288.632,863.723,598.643,162.982,331.764,2324.213,467.048,1316.904,2042.544,4426.233,1570.409,574.763,422.749,3452.954,1243.84,3938.35
2/4/11 1:00,7622.777,933.507,628.437,176.668,351.416,2481.33,498.187,1420.226,2150.42,4607.947,1666.884,644.997,453.916,3616.863,1307.718,4206.751
2/4/11 2:00,7574.856,937.615,617.505,175.504,353.733,2486.646,496.907,1424.333,2170.966,4601.533,1659.653,658.641,449.355,3738.097,1306.555,4229.232
2/4/11 3:00,7446.804,933.545,608.904,173.256,351.033,2471.842,488.233,1412.977,2143.562,4541.317,1636.92,652.317,442.278,3749.569,1296.758,4204.396
2/4/11 4:00,7208.933,912.267,593.014,165.054,346.006,2393.044,469.825,1379.573,2071.318,4414.018,1569.509,638.415,425.441,3718.551,1268.668,4097.21
2/4/11 5:00,6863.154,880.863,578.663,152.546,335.287,2262.961,435.883,1317.25,1997.646,4219.922,1466.559,612.642,401.531,3630.118,1212.347,3899.217
2/4/11 6:00,6569.971,852.324,563.473,142.567,325.22,2158.614,405.071,1264.754,1916.139,4010.88,1372.834,588.346,380.067,3521.843,1169.625,3719.788
2/4/11 7:00,6408.246,841.217,549.176,136.999,319.982,2103.842,389.096,1244.84,1871.967,3918.922,1324.241,571.196,366.66,3465.956,1158.014,3602.418
2/4/11 8:00,6341.991,837.627,542.187,134.302,316.227,2090.531,380.31,1240.547,1864.901,3824.745,1296.739,564.355,358.092,3448.215,1152.268,3551.645
2/4/11 9:00,6325.074,831.959,536.673,134.017,317.039,2086.312,377.64,1243.371,1863.276,3801.164,1290.077,558.952,351.577,3447.104,1148.442,3531.18
2/4/11 10:00,6356.762,828.45,534.139,134.614,315.986,2102.416,377.162,1253.846,1862.492,3802.815,1292.933,561.939,348.642,3440.96,1150.846,3547.634
2/4/11 11:00,6439.343,836.977,538.277,138.472,319.082,2132.478,387.141,1278.771,1899.896,3843.034,1321.548,569.177,352.797,3461.089,1160.373,3612.121
2/4/11 12:00,6663.372,864.848,554.642,146.286,328.13,2237.723,413.677,1344.163,1984.118,3970.189,1396.86,587.35,369.352,3533.308,1190.182,3780.727
2/4/11 13:00,7004.804,904.894,575.599,158.31,348.962,2440.679,460.807,1442.2,2155.504,4188.019,1529.817,633.163,394.896,3696.656,1227.723,4104.946
2/4/11 14:00,7188.402,928.351,592.289,161.405,353.883,2533.615,490.759,1478.158,2268.966,4342.987,1602.25,673.928,411.126,3816.437,1252.62,4286.818
2/4/11 15:00,7244.557,932.055,596.731,159.667,345.901,2473.962,480.046,1436.238,2196.542,4386.57,1565.997,681.366,422.711,3770.182,1243.548,4249.17
2/4/11 16:00,7275.953,923.57,601.335,156.683,351.836,2391.018,465.989,1376.575,2134.285,4439.805,1538.761,682.132,430.061,3701.485,1236.367,4176.996
2/4/11 17:00,7254.014,905.236,600.427,154.354,343.036,2325.523,458.384,1325.94,2074.035,4434.472,1519.487,676.906,429.812,3597.074,1222.88,4123.69
2/4/11 18:00,7185.591,886.825,595.867,149.729,335.147,2252.794,446.525,1274.336,1958.393,4365.822,1494.246,661.209,424.973,3471.933,1178.659,4023.325
2/4/11 19:00,7074.816,867.74,586.068,144.573,327.259,2190.779,436.922,1225.363,1929.486,4237.352,1461.059,650.976,417.851,3342.871,1125.18,3917.495
2/4/11 20:00,6941.052,852.962,574.262,140.818,321.093,2146.204,427.252,1194.094,1884.836,4174.783,1447.107,639.558,412.007,3259.347,1105.975,3847.508
2/4/11 21:00,6804.668,838.166,573.212,138.189,315.342,2100.824,416.271,1164.901,1835.308,4118.336,1419.928,630.527,407.68,3178.714,1090.611,3762.045
2/4/11 22:00,6770.297,830.001,570.02,137.723,311.144,2069.597,406.553,1144.89,1800.13,4060.136,1402.994,628.065,408.388,3115.657,1081.523,3666.077
2/4/11 23:00,6768.595,830.194,571.125,139.94,306.694,2070.368,406.377,1158.578,1781.933,4084.155,1407.341,618.419,406.109,3079.384,1099.126,3643.57
2/5/11 0:00,6924.849,853.464,580.836,147.902,313.978,2149.928,416.151,1216.769,1826.197,4154.445,1448.503,604.395,418.409,3096.161,1141.88,3720.191
2/5/11 1:00,7211.913,884.366,606.065,160.494,324.324,2276.797,442.452,1293.109,1924.048,4312.814,1537.366,618.388,430.634,3237.19,1204.214,3926.361
2/5/11 2:00,7170.62,875.034,603.286,159.613,330.198,2260.614,438.435,1284.844,1910.695,4315.977,1527.799,624.886,422.339,3363.885,1213.835,3923.518
2/5/11 3:00,7059.24,857.376,594.889,156.912,328.291,2236.048,431.761,1269.507,1895.667,4272.083,1507.749,614.098,410.248,3379.264,1210.11,3884.408
2/5/11 4:00,6878.135,832.076,581.995,150.89,321.352,2181.681,416.637,1244.66,1868.014,4181.541,1461.237,602.508,394.504,3346.899,1195.523,3812.803
2/5/11 5:00,6648.454,803.506,569.27,141.658,305.907,2082.392,388.435,1192.432,1797.547,4062.804,1389.732,587.399,374.862,3261.882,1169.98,3656.848
2/5/11 6:00,6440.914,773.903,552.79,132.487,292.443,1991.942,362.935,1140.085,1725.798,3908.363,1315.378,568.978,356.864,3168.837,1136.916,3485.651
2/5/11 7:00,6327.866,754.971,542.681,125.308,282.362,1932.01,346.636,1107.894,1647.91,3806.289,1255.264,552.814,342.713,3091.709,1121.73,3365.576
2/5/11 8:00,6282.055,743.629,539.31,121.808,277.866,1900.852,335.798,1097.585,1665.958,3751.588,1223.081,540.929,333.918,3052.591,1126.609,3307.083
2/5/11 9:00,6285.379,742.351,539.337,120.27,273.711,1888.412,331.994,1094.408,1661.55,3736.414,1205.424,536.096,328.053,3034.773,1131.49,3280.815
2/5/11 10:00,6337.514,747.659,541.238,120.709,270.034,1892.174,330.237,1096.273,1653.833,3745.214,1205.86,532.578,326.191,3034.146,1137.136,3265.802
2/5/11 11:00,6430.563,757.286,547.079,122.332,272.719,1915.284,334.286,1110.645,1673.737,3774.889,1215.621,532.597,329.651,3049.733,1155.203,3288.19
2/5/11 12:00,6586.351,782.189,557.741,126.039,278.172,1970.453,345.4,1145.504,1700.466,3848.655,1247.077,542.324,339.109,3091.447,1185.987,3366.927
2/5/11 13:00,6791.099,814.008,569.313,133.107,285.995,2050.08,365.906,1197.977,1795.936,3968.02,1299.407,556.961,353.751,3160.79,1220.849,3507.28
2/5/11 14:00,6926.846,836.352,575.685,136.822,285.909,2098.081,383.015,1233.809,1865.183,4036.653,1338.205,576.672,355.862,3237.507,1240.339,3614.287
2/5/11 15:00,6970.103,837.888,575.889,139.856,285.826,2119.462,393.916,1247.018,1907.853,4058.267,1367.05,579.935,362.659,3247.12,1216.655,3663.837
2/5/11 16:00,6814.127,803.802,567.592,143.426,288.847,2131.827,405.759,1239.84,1890.457,4022.968,1385.216,586.75,365.786,3238.982,1158,3676.151
2/5/11 17:00,6559.244,774.404,557.16,145.294,284.403,2063.229,402.092,1208.279,1869.112,3936.289,1387.622,587.993,365.275,3186.05,1089.986,3615.661
2/5/11 18:00,6277.135,745.892,540.407,140.2,276.533,1998.536,397.876,1155.421,1849.326,3788.838,1351.37,585.053,360.523,3128.261,1025.582,3523.596
2/5/11 19:00,5964.184,714.603,524.524,135.617,268.444,1935.354,393.779,1103.169,1793.036,3629.823,1314.91,573.307,351.638,3031.089,971.902,3409.342
2/5/11 20:00,5667.319,682.934,510.859,132.157,263.412,1882.422,390.759,1064.656,1754.139,3514.241,1307.43,559.918,341.89,2942.499,923.258,3317.233
2/5/11 21:00,5403.436,650.995,500.835,129.594,259.484,1846.378,383.257,1043.721,1750.33,3384.074,1307.611,549.543,333.04,2888.62,885.582,3237.668
2/5/11 22:00,5265.827,637.501,493.02,129.928,258.681,1858.428,379.576,1050.89,1734.771,3270.639,1313.187,542.886,327.132,2888.033,863.97,3203.213
2/5/11 23:00,5211.406,642.444,492.95,133.259,261.929,1889.688,381.669,1085.326,1746.321,3270.743,1338.267,543.611,330.081,2899.809,871.109,3241.228
2/6/11 0:00,5389.707,685.983,514.514,141.513,271.572,1984.74,396.986,1143.856,1755.515,3395.276,1388.528,550.667,351.493,2954.019,918.898,3362.004
2/6/11 1:00,5893.91,746.868,552.553,151.244,285.428,2080.052,412.539,1201.72,1866.578,3697.982,1445.79,572.631,378.86,3075.801,1011.795,3539.718
2/6/11 2:00,5997.32,745.436,552.712,148.641,281.056,2057.972,406.377,1184.725,1795.002,3730.194,1422.621,580.264,375.308,3156.468,1033.391,3520.27
2/6/11 3:00,5984.189,737.077,545.195,144.23,277.925,2031.911,397.513,1158.778,1817.131,3682.727,1399.596,574.382,368.265,3156.433,1031.015,3478.826
2/6/11 4:00,5876.41,715.28,532.525,137.531,273.111,1984.929,382.971,1124.073,1778.897,3619.957,1357.455,563.836,354.146,3124.14,1015.79,3393.744
2/6/11 5:00,5696.155,684.884,523.027,128.19,264.692,1891.967,360.793,1068.289,1709.548,3504.811,1292.336,549.279,334.025,3039.523,986.502,3243.244
2/6/11 6:00,5508.381,654.368,506.299,118.884,254.647,1800.743,336.25,1012.865,1642.756,3368.113,1223.659,529.714,316.623,2956.215,951.754,3091.856
2/6/11 7:00,5373.089,638.324,496.484,112.277,247.224,1733.021,321.987,975.065,1581.112,3272.889,1176.781,514.76,304.021,2889.61,932.197,2974.585
2/6/11 8:00,5297.381,631.652,492.562,107.773,241.263,1683.704,314.696,946.867,1571.588,3197.654,1146.98,507.111,297.081,2860.148,924.147,2911.499
2/6/11 9:00,5239.921,630.473,488.357,104.973,238.115,1653.367,311.576,935.797,1566.681,3165.04,1130.989,502.928,293.962,2820.586,920.377,2879.632
2/6/11 10:00,5226.888,631.35,488.537,103.58,236.622,1638.041,309.486,927.809,1559.45,3125.886,1126.062,496.915,292.506,2786.03,921.023,2865.52
2/6/11 11:00,5267.952,639.368,492.379,103.897,236.359,1642.189,311.474,935.391,1577.459,3135.102,1134.702,500.468,293.507,2805.998,930.227,2892.938
2/6/11 12:00,5400.407,655.37,497.083,107.154,240.62,1678.746,319.276,955.236,1582.215,3181.031,1156.797,507.341,299.327,2851.841,947.466,2959.932
2/6/11 13:00,5574.565,679.409,508.674,112.641,246.505,1730.774,334.713,992.202,1645.049,3249.9,1199.628,516.528,311.378,2923.728,978.846,3047.26
2/6/11 14:00,5711.681,704.34,515.132,116.532,246.774,1779.684,349.73,1027.957,1723.085,3372.991,1233.891,535.026,313.005,3024.599,1015.605,3140.701
2/6/11 15:00,5813.943,724.862,518.179,120.919,248.646,1831.629,363.662,1059.553,1771.349,3496.995,1265.129,546.085,320.382,3103.186,1053.785,3227.856
2/6/11 16:00,5735.044,710.842,525.535,125.477,252.914,1872.571,378.167,1073.084,1791.491,3546.144,1297.986,560.938,323.729,3175.015,1063.212,3295.407
2/6/11 17:00,5495.539,680.885,518.602,128.673,256.793,1883.905,388.41,1083.499,1798.567,3558.466,1319.625,563.677,322.851,3211.186,1038.994,3304.503
2/6/11 18:00,5266.078,659.914,513.985,130.602,259.601,1888.777,396.366,1073.513,1814.32,3508.737,1339.521,564.583,327.689,3232.541,1016.198,3297.954
2/6/11 19:00,5139.278,646.741,506.061,130.511,261.16,1886.116,405.728,1069.827,1797.049,3484.624,1352.573,567.439,331.326,3241.173,1006.526,3312.567
2/6/11 20:00,5038.222,637.152,500.765,132.625,261.16,1889.208,407.058,1067.028,1772.175,3465.976,1357.003,566.085,329.334,3226.23,997.098,3312.565
2/6/11 21:00,4950.325,637.816,505.916,133.535,261.23,1889.757,404.868,1071.368,1786.552,3470.556,1358.916,560.195,330.182,3216.827,990.863,3309.161
2/6/11 22:00,4919.139,647.803,509.741,133.915,261.337,1917.844,404.316,1081.437,1748.147,3481.567,1364.614,565.318,334.492,3242.034,997.451,3329.806
2/6/11 23:00,4978.657,666.311,517.656,138.401,266.366,1955.465,416.591,1109.679,1814.067,3528.001,1390.811,568.608,345.79,3256.197,1012.452,3385.755
2/7/11 0:00,5135.649,688.43,530.003,142.408,272.466,2005.872,424.129,1137.672,1825.273,3591.933,1430.683,571.407,360.126,3246.084,1025.953,3440.706
2/7/11 1:00,5390.21,705.177,548.896,145.824,283.706,2050.406,427.998,1158.922,1896.014,3733.084,1462.034,579.479,368.865,3305.954,1058.808,3542.879
2/7/11 2:00,5442.028,700.67,544.09,143.564,283.221,2029.374,421.857,1151.76,1913.1,3728.818,1450.639,583.893,362.98,3386.87,1073.801,3538.534
2/7/11 3:00,5433.698,693.344,537.371,140.575,282.342,2007.006,414.901,1135.373,1894.57,3712.353,1429.694,580.842,356.275,3386.675,1066.351,3495.143
2/7/11 4:00,5441.024,687.395,537.913,136.437,280.203,1975.446,404.171,1119.467,1884.03,3668.179,1397.76,572.975,350.633,3376.801,1056.476,3452.56
2/7/11 5:00,5316.351,666.476,529.523,129.08,276.806,1896.378,379.181,1074.274,1830.676,3549.695,1329.438,558.4,337.963,3317.561,1015.894,3326.655
2/7/11 6:00,5078.63,635.047,510.376,119.56,270.16,1783.313,356.498,1014.71,1748.269,3374.661,1252.156,536.303,322.627,3201.366,966.259,3130.654
2/7/11 7:00,4948.867,621.856,502.844,113.908,263.163,1720.602,340.935,984.353,1701.915,3284.837,1209.618,524.469,311.831,3127.418,948.885,3024.86
2/7/11 8:00,4929.143,620.164,498.287,111.553,260.819,1700.415,334.77,974.8,1716.598,3238.912,1201.121,518.967,304.085,3112.673,948.521,2974.353
2/7/11 9:00,4936.921,622.611,500.431,110.909,260.526,1697.659,338.579,978.865,1730.465,3238.814,1204.233,519.481,303.271,3119.096,958.187,2962.364
2/7/11 10:00,5048.672,633.516,507.023,111.855,261.738,1718.753,344.818,990.447,1770.804,3275.717,1216.351,523.353,304.377,3148.666,980.631,2983.567
2/7/11 11:00,5248.519,657.214,515.758,116.04,264.481,1775.318,355.618,1024.158,1803.27,3362.527,1251.127,534.966,311.934,3194.363,1008.765,3070.736
2/7/11 12:00,5624.364,706.832,534.267,124.441,280.744,1908.921,386.457,1105.52,1929.314,3571.962,1347.155,558.785,334.918,3298.566,1066.425,3286.309
2/7/11 13:00,6248.028,780.306,565.403,136.793,305.366,2109.338,437.008,1222.247,2105.262,3922.518,1502.418,604.418,370.691,3480.947,1159.874,3651.24
2/7/11 14:00,6492.727,827.522,586.903,142.147,318.682,2220.676,474.338,1280.588,2229.755,4119.587,1582.057,644.579,397.006,3627.146,1169.724,3882.63
2/7/11 15:00,6472.029,835.744,592.799,146.408,324.163,2224.648,469.313,1273.104,2199.867,4091.861,1559.449,654.586,410.093,3550.228,1109.073,3888.722
2/7/11 16:00,6470.02,844.974,591.456,151.439,324.883,2222.663,462.777,1271.707,2142.74,4060.366,1551.786,660.987,419.426,3475.751,1072.16,3912.674
2/7/11 17:00,6414.037,840.337,590.05,152.989,334.226,2218.095,459.103,1265.977,2115.417,4032.732,1555.318,661.953,420.955,3400.88,1036.605,3928.285
2/7/11 18:00,6291.029,830.685,588.526,154.192,344.072,2215.104,454.463,1252.143,2088.427,3952.066,1541.249,656.395,419.888,3335.316,996.319,3893.251
2/7/11 19:00,6174.133,823.228,582.378,154.46,332.493,2195.499,449.818,1234.166,2059.55,3856.715,1522.151,647.153,417.713,3260.851,960.912,3804.396
2/7/11 20:00,6055.393,812.853,576.831,150.76,326.47,2131.014,445.157,1205.851,2054.272,3770.272,1513.045,645.914,417.973,3213.393,925.934,3755.099
2/7/11 21:00,5929.056,803.387,572.648,145.363,327.051,2082.469,438.315,1174.328,2033.326,3645.623,1497.985,641.719,416.432,3174.247,892.223,3684.307
2/7/11 22:00,5816.236,789.621,566.038,142.763,321.342,2065.147,433.31,1169.267,2035.309,3591.092,1488.413,637.621,410.791,3128.968,872.367,3627.879
2/7/11 23:00,5824.245,799.198,563.898,145.714,321.447,2080.638,454.484,1185.694,2093.424,3570.796,1513.901,631.127,414.643,3111.157,880.049,3600.952
2/8/11 0:00,6013.981,825.414,572.924,154.745,328.418,2181.076,479.574,1260.946,2147.994,3633.931,1596.514,627.388,424.435,3123.788,923.085,3699.167
2/8/11 1:00,6513.84,868.553,598.039,169.714,344.338,2348.2,509.15,1365.652,2273.578,3906.042,1697.352,649.068,444.667,3279.643,1044.755,3956.544
2/8/11 2:00,6654.669,868.994,599.617,169.04,352.835,2351.615,506.914,1369.629,2294.746,3991.121,1702.662,657.89,437.184,3433.26,1112.534,3979.508
2/8/11 3:00,6687.48,863.474,598.056,167.248,350.412,2333.979,500.847,1361.297,2287.462,4021.531,1689.453,654.824,427.864,3452.415,1136.694,3948.9
2/8/11 4:00,6584.808,841.772,589.782,158.74,336.036,2266.262,484.682,1331.217,2225.942,3962.423,1631.013,644.191,411.631,3431.658,1136.138,3854.266
2/8/11 5:00,6315.856,814.003,575.542,146.511,323.42,2143.805,454.305,1264.133,2188.537,3811.746,1540.223,622.011,388.211,3324.035,1101.815,3656.757
2/8/11 6:00,6061.027,783.525,562.395,136.855,315.483,2039.188,427.05,1210.466,2139.06,3626.495,1461.189,594.848,366.934,3194.981,1052.798,3473.706
2/8/11 7:00,5942.703,775.951,551.793,132.172,311.913,1996.077,415.838,1190.186,2104.5,3523.264,1422.64,580.695,352.169,3108.884,1033.762,3369.499
2/8/11 8:00,5926.008,777.004,548.907,130.609,310.358,1986.295,412.369,1197.96,2108.689,3485.84,1404.031,571.721,346.144,3088.145,1033.907,3326.17
2/8/11 9:00,5964.243,783.76,546.263,131.721,311.845,2000.617,411.969,1216.904,2122.711,3479.565,1399.968,567.565,343.831,3088.182,1042.338,3320.404
2/8/11 10:00,6013.755,796.701,549.734,133.519,312.585,2032.992,414.958,1243.656,2141.383,3505.385,1406.958,575.24,345.269,3103.541,1060.181,3356.457
2/8/11 11:00,6163.715,820.89,562.839,139.585,318.837,2107.188,426.462,1286.431,2174.227,3592.16,1435.435,591.665,356.398,3137.566,1088.197,3454.994
2/8/11 12:00,6516.606,871.831,584.583,148.596,332.705,2248.803,453.319,1374.905,2259.039,3779.353,1519.684,614.008,379.455,3251.01,1133.676,3673.713
2/8/11 13:00,7128.862,950.809,623.992,165.394,355.504,2481.356,504.161,1495.758,2451.116,4120.588,1665.443,657.122,415.374,3444.349,1227.249,4058.525
2/8/11 14:00,7267.345,994.05,649.676,170.062,368.178,2591.864,539.043,1541.377,2556.649,4315.234,1742.25,701.809,434.801,3554.964,1239.582,4286.458
2/8/11 15:00,7017.521,1004.374,659.599,170.334,369.981,2579.015,538.582,1532.852,2490.866,4283.013,1727.872,716.465,445.797,3492.203,1183.376,4300.86
2/8/11 16:00,6834.889,1009.739,666.587,167.131,371.932,2585.903,542.112,1521.431,2466.876,4268.059,1732.773,723.173,455.843,3460.483,1150.976,4348.386
2/8/11 17:00,6604.085,1011.6,666.986,139.788,373.101,2577.68,550.064,1504.393,2408.594,4206.362,1742.584,734.291,461.269,3464.564,1118.208,4466.764
2/8/11 18:00,6392.033,999.461,661.862,134.206,374.604,2582.921,543.72,1481.352,2419.109,4105.993,1725.813,739.292,458.447,3473.414,1073.463,4485.744
2/8/11 19:00,6132.808,979.426,652.43,172.77,369.629,2567.27,535.961,1460.775,2368.602,4001.564,1698.293,733.02,451.638,3470.448,1026.182,4449.564
2/8/11 20:00,5967.566,963.73,640.503,171.072,364.425,2539.352,529.629,1437.79,2348.351,3922.371,1680.815,730.246,448.975,3497.43,998.854,4391.49
2/8/11 21:00,5825.055,950.295,635.116,169.161,364.696,2520.356,522.186,1421.433,2356.627,3843.715,1679.296,725.343,446.897,3536.141,984.261,4335.713
2/8/11 22:00,5757.831,949.421,634.67,170.625,363.603,2522.634,523.317,1433.455,2358.615,3832.413,1675.66,716.099,445.152,3608.354,992.911,4290.926
2/8/11 23:00,5817.739,955.673,641.426,173.496,360.509,2548.027,531.157,1471.241,2373.98,3892.236,1701.339,705.334,450.123,3685.983,1028.383,4315.051
2/9/11 0:00,6078.367,977.841,657.245,180.803,363.801,2624.386,545.075,1529.315,2389.698,4052.502,1758.369,700.779,460.477,3822.35,1092.209,4435.69
2/9/11 1:00,6601.984,1014.301,684.792,189.857,375.751,2708.16,559.723,1586.338,2450.64,4319.54,1821.613,716.125,473.682,4058.087,1188.245,4600.83
2/9/11 2:00,6745.411,1011.211,686.958,187.781,375.247,2680.881,550.49,1573.016,2428.561,4383.728,1802.137,713.036,467,4192.753,1230.254,4537.456
2/9/11 3:00,6777.708,1001.724,683.354,184.354,369.92,2642.812,537.447,1543.975,2392.536,4410.144,1767.891,699.282,460.943,4230.581,1259.539,4443.322
2/9/11 4:00,6663.017,978.571,670.565,174.651,361.05,2554.142,510.977,1493.613,2323.187,4374.467,1689.514,678.661,442.874,4204.917,1267.16,4296.966
2/9/11 5:00,6425.827,941.81,650.182,160.445,345.007,2409.862,472.737,1410.365,2234.127,4230.005,1574.073,654.083,419.06,4087.495,1247.732,4064.51
2/9/11 6:00,6157.703,906.572,635.819,149.651,331.939,2288.967,442.682,1344.426,2123.279,4104.699,1476.774,629.855,398.203,3965.111,1223.74,3865.187
2/9/11 7:00,6006.091,889.754,627.26,143.158,327.849,2226.807,423.652,1309.269,2101.754,4030.507,1425.557,614.594,384.821,3885.173,1221.155,3758.775
2/9/11 8:00,5956.278,882.228,625.021,140.899,326.355,2197.293,413.293,1297.515,2099.32,4001.285,1392.994,606.736,375.278,3852.474,1233.742,3701.303
2/9/11 9:00,5941.13,884.902,623.685,139.25,324.987,2190.848,407.906,1292.03,2088.641,3984.065,1378.922,603.117,369.243,3844.423,1251.725,3675.461
2/9/11 10:00,5965.3,895.823,626.451,138.627,323.053,2185.421,407.287,1293.443,2099.544,4004.979,1373.863,600.553,368.152,3840.345,1276.54,3684.143
2/9/11 11:00,6067.563,920.675,632.487,141.667,328.208,2217.391,415.301,1315.184,2109.706,4075.185,1396.868,607.655,377.416,3843.614,1307.19,3740.707
2/9/11 12:00,6348.831,961.108,644.647,149.542,337.579,2328.367,438.416,1384.415,2200.275,4212.767,1471.488,617.796,397.842,3899.27,1351.855,3882.872
2/9/11 13:00,6734.544,1015.084,660.922,161.48,355.581,2515.549,483.02,1476.2,2399.662,4394.272,1607.603,644.007,428.5,4039.942,1409.568,4136.532
2/9/11 14:00,6963.386,1041.501,668.931,165.97,365.893,2588.634,511.839,1510.069,2483.987,4518.414,1681.216,668.512,447.009,4133.339,1435.601,4280.316
2/9/11 15:00,7040.868,1047.149,672.108,166.343,369.647,2564.132,504.152,1494.961,2435.116,4605.177,1657.753,677.959,456.459,4087.403,1446.642,4306.274
2/9/11 16:00,7189.818,1052.589,681.239,166.331,368.722,2550.926,501.694,1476.268,2360.526,4692.774,1646.077,686.012,466.687,4039.557,1449.984,4322.814
2/9/11 17:00,7306.254,1041.545,679.864,165.59,364.906,2517.077,494.081,1445.657,2305.827,4700.513,1640.406,687.352,471.64,3981.925,1428.907,4285.75
2/9/11 18:00,7360.382,1010.441,668.483,162.684,358.708,2436.336,482.716,1392.471,2258.331,4641.305,1617.676,687.335,470.971,3888.774,1391.669,4221.347
2/9/11 19:00,7276.022,971.585,650.694,158.345,350.276,2362.21,476.796,1338.505,2187.969,4554.404,1586.055,677.502,459.969,3796.687,1349.856,4151.259
2/9/11 20:00,7180.286,942.027,633.948,154.575,344.427,2307.589,468.216,1296.826,2136.041,4450.066,1570.386,675.33,453.571,3705.919,1307.632,4082.603
2/9/11 21:00,7131.712,915.623,623.888,150.77,342.191,2254.532,457.827,1261.094,2086.399,4352.028,1547.735,661.522,449.347,3637.996,1270.287,3996.128
2/9/11 22:00,7119.989,889.2,616.963,149.207,335.263,2219.668,447.406,1240.996,2023.164,4282.325,1524.1,651.053,440.406,3576.153,1255.333,3920.115
2/9/11 23:00,7187.849,883.147,615.986,153.225,330.769,2219.981,450.388,1262.582,2014.977,4258.425,1538.932,645.179,436.014,3554.403,1259.574,3905.571
2/10/11 0:00,7396.436,922.008,635.159,162.529,336.128,2315.884,467.705,1340.515,2081.652,4358.008,1596.805,641.446,447.62,3583.783,1292.126,4004.712
2/10/11 1:00,7780.266,988.239,672.993,177.189,352.728,2494.853,500.537,1457.581,2236.892,4622.427,1704.795,665.488,477.098,3751.928,1375.63,4286.158
2/10/11 2:00,7765.327,995.559,674.029,177.666,356.457,2503.632,504.697,1467.068,2296.887,4635.941,1710.054,683.012,471.12,3907.806,1394.595,4328.939
2/10/11 3:00,7694.913,986.807,668.602,176.228,355.902,2487.38,497.955,1462.719,2286.608,4605.523,1693.731,676.378,464.286,3920.811,1385.363,4298.006
2/10/11 4:00,7505.402,975.294,660.485,168.441,351.087,2420.456,479.856,1433.679,2240.945,4516.001,1636.539,660.493,448.279,3888.628,1363.925,4197.522
2/10/11 5:00,7218.341,951.339,650.758,155.821,340.866,2294.926,444.34,1362.863,2169.839,4383.015,1527.979,637.962,424.598,3802.643,1327.391,3993.544
2/10/11 6:00,6988.066,936.209,642.603,145.122,331.813,2197.372,417.88,1312.031,2092.484,4243.989,1443.28,612.64,405.368,3676.253,1295.311,3821.206
2/10/11 7:00,6868.395,939.054,634.703,139.895,324.721,2149.944,402.452,1293.612,2055.169,4157.512,1397.038,595.763,393.559,3624.271,1293.417,3730.709
2/10/11 8:00,6864.35,951.891,638.105,137.814,323.432,2138.189,395.139,1285.385,2037.955,4151.005,1373.521,589.968,388.588,3614.878,1310.07,3696.731
2/10/11 9:00,6883.47,969.256,640.972,137.234,323.62,2143.211,395.181,1293.726,2054.155,4171.504,1361.358,586.225,386.726,3612.485,1322.573,3694.267
2/10/11 10:00,6941.041,990.91,650.576,138.603,323.567,2167.461,397.694,1311.899,2071.267,4201.094,1365.675,584.663,387.493,3615.79,1341.726,3724.918
2/10/11 11:00,7091.665,1021.652,661.37,142.526,327.858,2227.726,406.376,1345.29,2091.859,4281.157,1383.213,596.819,396.867,3635.912,1378.651,3803.743
2/10/11 12:00,7402.645,1069.26,680.72,152.667,341.389,2351.136,428.765,1428.24,2173.008,4460.131,1459.019,617.951,420.382,3708.605,1428.233,3980.589
2/10/11 13:00,7874.071,1127.998,705.44,165.691,363.481,2556.861,473.844,1546.118,2320.518,4666.272,1594.91,657.98,453.508,3870.355,1496.024,4319.143
2/10/11 14:00,8059.071,1154.345,718.894,168.176,368.788,2627.697,501.129,1575.011,2357.575,4837.403,1653.597,690.437,468.367,4000.195,1504.313,4466.014
2/10/11 15:00,7994.168,1126.751,718.679,165.886,368.426,2571.562,491.532,1516.769,2304.812,4821.301,1613.53,691.81,467.996,3907.498,1430.487,4430.695
2/10/11 16:00,7856.95,1069.025,705.319,162.967,364.961,2504.701,479.592,1453.008,2235.117,4729.791,1599.252,682.966,462.193,3786.417,1348.833,4369.038
2/10/11 17:00,7673.941,1012.804,686.53,159.352,358.225,2432.4,468.971,1401.699,2178.789,4619.281,1585.362,677.054,453.812,3685.795,1257.868,4274.283
2/10/11 18:00,7413.382,966.53,673.393,155.711,351.247,2356.013,457.14,1351.249,2119.584,4458.064,1550.671,669.087,442.159,3566.947,1167.366,4160.223
2/10/11 19:00,7149.228,915.835,653.035,151.783,345.4,2295.792,447.279,1301.358,2043.953,4303.379,1512.231,656.989,434.16,3457.529,1104.322,4047.836
2/10/11 20:00,6923.058,873.311,637.547,148.024,338.86,2244.258,436.979,1261.545,1992.402,4155.241,1487.274,650.407,422.3,3355.638,1046.488,3960.175
2/10/11 21:00,6671.571,834.857,623.719,145.079,331.323,2191.801,429.218,1231.079,1952.722,4057.668,1454.445,636.447,413.34,3279.8,1011.115,3890.936
2/10/11 22:00,6470.443,813.372,605.482,144.166,321.977,2165.902,419.446,1230.3,1921.901,3978.358,1436.451,628.456,406.88,3235.989,984.12,3837.802
2/10/11 23:00,6383.384,812.155,601.171,149.343,326.864,2202.358,418.613,1263.513,1921.818,3918.068,1451.946,622.578,409.124,3215.679,986.554,3845.935
2/11/11 0:00,6605.075,857.114,620.035,159.118,332.991,2293.47,436.068,1328.073,1951.102,3984.889,1508.88,614.258,421.098,3230.304,1040.662,3925.407
2/11/11 1:00,7195.319,937.361,665.048,170.667,342.235,2426.546,466.367,1407.622,2078.066,4309.795,1600.455,636.168,453.888,3403.633,1165.719,4158.393
2/11/11 2:00,7377.648,954.496,674.383,169.402,347.123,2424.64,468.056,1404.489,2094.029,4407.564,1604.122,653.045,452.97,3594.859,1230.681,4195.607
2/11/11 3:00,7406.958,958.142,672.019,166.851,344.792,2396.931,460.619,1384.171,2097.653,4431.597,1584.88,647.827,446.911,3620.303,1250.466,4159.571
2/11/11 4:00,7294.301,943.849,662.765,158.818,338.955,2315.629,439.171,1336.49,2055.619,4349.273,1519.665,635.012,431.65,3602.803,1242.616,4037.679
2/11/11 5:00,7037.693,908.525,645.663,145.39,326.506,2181.413,405.409,1254.791,1976.853,4182.046,1421.412,615.289,409.612,3536.615,1207.573,3833.639
2/11/11 6:00,6795.455,875.787,635.112,134.376,316.475,2066.251,376.968,1189.139,1862.643,4011.501,1336.804,588.724,390.119,3438.794,1176.257,3638.441
2/11/11 7:00,6686.027,867.044,630.372,128.598,305.357,2010.507,360.641,1157.234,1867.552,3914.501,1293.358,572.459,377.175,3382.898,1170.643,3509.648
2/11/11 8:00,6677.26,865.608,626.768,126.682,303.192,1987.488,352.371,1148.4,1831.247,3878.003,1264.536,565.387,371.053,3371.514,1176.756,3456.484
2/11/11 9:00,6696.408,865.048,627.685,125.592,306.951,1985.864,349.12,1150.865,1847.832,3877.595,1253.631,563.842,366.519,3374.124,1188.073,3441.742
2/11/11 10:00,6767.159,871.123,629.825,126.7,303.291,1978.871,348.779,1161.808,1835.471,3895.428,1258.133,563.889,366.051,3395.769,1206.732,3446.504
2/11/11 11:00,6912.368,891.745,639.358,130.39,308.407,2031.143,358.009,1192.594,1858.86,3985.313,1282.214,571.452,371.481,3442.871,1227.579,3503.27
2/11/11 12:00,7271.862,935.265,657.923,138.183,320.3,2129.971,380.6,1266.546,1906.212,4157.239,1353.606,588.496,390.992,3526.457,1277.092,3681.593
2/11/11 13:00,7755.835,999.47,680.478,150.645,341.758,2278.3,430.34,1375.34,2009.219,4465.416,1479.282,628.717,421.617,3717.212,1354.719,4021.064
2/11/11 14:00,7897.458,1017.105,689.007,153.069,348.244,2322.609,463.127,1402.76,2133.816,4592.403,1543.182,657.717,433.937,3849.22,1350.126,4159.205
2/11/11 15:00,7605.16,974.344,679.466,150.486,346.291,2291.213,453.743,1346.333,2117.625,4488.459,1523.276,662.837,432.034,3762.951,1255.178,4102.078
2/11/11 16:00,7224.046,921.619,662.922,149.609,344.933,2249.724,440.072,1299.988,2054.81,4331.337,1502.789,662.65,425.937,3640.683,1155.577,4026.399
2/11/11 17:00,6814.794,878.163,648.773,147.398,338.264,2187.619,432.177,1251.658,2001.258,4196.201,1472.979,660.334,419.634,3522.305,1070.757,3949.393
2/11/11 18:00,6418.416,832.631,625.946,142.01,331.437,2131.598,419.96,1199.014,1966.247,4029.878,1458.519,657.767,411.926,3397.755,1002.795,3837.282
2/11/11 19:00,6054.439,790.803,604.37,137.342,320.912,2099.965,413.389,1147.192,1909.897,3877.343,1419.767,653.218,401.183,3285.175,948.555,3733.291
2/11/11 20:00,5768.896,754.06,587.448,132.628,316.159,2069.243,407.289,1111.375,1882.26,3751.582,1399.439,647.938,392.929,3211.059,901.917,3661.708
2/11/11 21:00,5522.39,724.749,574.257,129.07,305.611,1981.505,399.148,1071.46,1848.681,3609.621,1382.38,637.728,381.195,3152.045,856.084,3567.067
2/11/11 22:00,5377.925,705.503,561.208,126.884,301.267,1932,389.324,1051.078,1803.879,3505.903,1356.427,618.856,372.485,3104.495,837.458,3475.827
2/11/11 23:00,5333.488,703.65,555.895,128.872,299.161,1920.658,386.641,1055.599,1790.88,3440.773,1359.949,610.681,370.046,3072.273,839.356,3435.819
2/12/11 0:00,5483.369,732.276,564.476,135.523,296.863,1972.883,393.32,1103.906,1764.297,3498.21,1382.609,598.586,378.725,3065.094,873.463,3462.838
2/12/11 1:00,5974.589,788.261,594.33,147.48,314.484,2101.147,416.779,1185.702,1876.554,3742.317,1457.428,617.641,404.89,3167.249,965.148,3676.916
2/12/11 2:00,6169.992,790.309,596.777,146.583,311.979,2086.225,416.685,1182.943,1894.86,3816.163,1450.001,630.103,400.743,3314.654,1021.538,3685.245
2/12/11 3:00,6241.994,789.495,592.474,144.336,315.234,2056.622,408.389,1167.092,1889.276,3833.421,1437.87,622.258,393.797,3340.723,1045.482,3636.235
2/12/11 4:00,6207.378,774.662,585.984,138.601,306.663,2004.238,393.818,1140.72,1872.927,3786.96,1399.281,615.582,380.737,3354.274,1049.279,3559.785
2/12/11 5:00,6081.477,749.799,572.017,128.585,300.027,1906.026,369.7,1090.424,1802.986,3678.636,1329.735,603.994,361.377,3322.781,1030.676,3423.118
2/12/11 6:00,5929.439,720.672,558.272,118.664,286.297,1795.204,343.464,1030.998,1718.843,3560.492,1260.962,585.077,341.974,3264.247,1009.907,3250.376
2/12/11 7:00,5835.785,699.687,548.928,112.861,268.762,1735.827,327.397,995.202,1689.339,3460.237,1210.011,567.12,324.733,3208.419,1000.125,3134.604
2/12/11 8:00,5798.492,693.485,547.253,109.567,270.111,1696.645,319.916,981.094,1673.667,3424.023,1177.924,555.802,317.615,3197.378,1000.308,3070.833
2/12/11 9:00,5818.845,694.79,548.119,108.259,262.557,1688.147,317.754,977.365,1664.528,3415.634,1168.678,550.195,312.79,3203.306,1009.991,3040.117
2/12/11 10:00,5888.609,702.42,551.833,108.026,264.011,1694.369,316.871,983.37,1690.643,3419.538,1168.858,549.584,310.533,3215.071,1023.789,3042.619
2/12/11 11:00,5974.904,715.761,557.627,109.712,259.877,1714.52,320.566,992.033,1690.596,3454.999,1178.735,553.841,314.863,3252.159,1040.066,3086.066
2/12/11 12:00,6188.4,744.175,571.223,113.76,266.898,1776.987,330.469,1028.771,1732.134,3553.701,1210.503,561.244,326.39,3313.348,1076.262,3183.051
2/12/11 13:00,6460.919,780.257,585.523,122.158,273.773,1867.55,349.555,1076.288,1802.293,3701.408,1257.286,578.928,342.242,3385.045,1125.628,3331.864
2/12/11 14:00,6605.537,802.797,588.989,127.485,268.841,1905.812,364.952,1106.431,1864.501,3782.246,1293.05,587.356,343.19,3452.242,1153.192,3412.678
2/12/11 15:00,6567.849,786.446,584.745,132.232,282.353,1930.781,372.966,1119.705,1872.01,3810.786,1318.098,592.267,347.893,3448.284,1127.498,3452.481
2/12/11 16:00,6248.693,753.152,573.592,133.297,274.794,1915.088,375.257,1096.42,1844.446,3733.133,1322.271,596.471,349.142,3413.861,1060.681,3435.862
2/12/11 17:00,5850.805,714.555,555.751,131.207,275.692,1863.589,373.426,1051.734,1808.12,3594.843,1312.52,599.327,347.697,3338.434,982.684,3388.268
2/12/11 18:00,5468.82,676.816,540.011,125.92,266.151,1813.608,367.468,1009.946,1749.38,3469.255,1291.344,593.931,339.05,3243.575,921.563,3313.273
2/12/11 19:00,5127.504,642.234,520.751,122.966,259.986,1764.82,357.678,964.267,1678.001,3317.027,1255.549,582.127,329.318,3147.813,870.208,3226.123
2/12/11 20:00,4878.127,611.357,508.167,120.195,253.179,1713.34,350.275,925.379,1651.166,3215.824,1227.738,568.682,320.65,3069.232,830.717,3145.743
2/12/11 21:00,4654.4,584.971,497.805,117.316,254.7,1673.038,343.666,894.367,1598.039,3095.535,1209.886,556.118,311.242,2991.691,794.122,3064.516
2/12/11 22:00,4551.407,573.54,488.846,118.718,246.738,1647.598,340.852,889.397,1579.695,3028.49,1212.498,549.029,306.918,2936.602,770.306,3017.306
2/12/11 23:00,4532.491,580.644,484.905,121.325,247.056,1660.281,345.949,914.211,1609.63,2982.155,1234.679,546.745,311.236,2914.094,769.086,3049.093
2/13/11 0:00,4676.283,616.723,498.781,128.9,251.058,1757.916,355.693,976.276,1639.448,3059.617,1280.084,546.941,327.449,2920.338,782.342,3166.216
2/13/11 1:00,5095.345,673.695,527.975,140.43,271.194,1891.322,379.223,1057.055,1736.106,3286.263,1360.95,569.462,357.084,3004.387,854.205,3370.936
2/13/11 2:00,5275.423,679.168,533.85,139.526,272.599,1889.101,379.219,1058.801,1754.398,3343.221,1360.686,576.663,356.009,3135.9,895.219,3377.917
2/13/11 3:00,5323.032,674.702,533.811,136.55,273.517,1866.981,369.898,1048.951,1731.4,3353.592,1345.379,570.336,349.793,3148.537,904.176,3339.379
2/13/11 4:00,5305.28,661.939,527.821,131.823,269.359,1825.295,357.896,1023.223,1704.22,3319.689,1310.328,557.242,338.45,3141.569,907.416,3265.848
2/13/11 5:00,5190.556,640.627,519.11,122.99,262.277,1742.994,337.235,978.878,1647.076,3221.035,1250.029,546.186,321.305,3120.126,893.01,3138.657
2/13/11 6:00,5017.312,613.242,503.867,115.046,255.203,1657.478,315.59,930.334,1580.299,3100.92,1188.522,528.75,305.847,3072.272,866.283,2995.409
2/13/11 7:00,4897.082,594.1,493.762,108.98,250.63,1595.533,300.524,898.586,1531.196,3003.323,1142.154,511.785,293.995,3021.712,856.536,2883.252
2/13/11 8:00,4835.336,579.079,488.345,105.111,244.348,1562.745,292.709,882.045,1527.314,2970.504,1115.741,503.337,285.446,2994.269,851.564,2826.609
2/13/11 9:00,4836.245,575.317,484.98,102.783,239.086,1546.187,288,874.816,1526.782,2939.224,1102.036,502.838,281.034,3016.785,855.261,2805.955
2/13/11 10:00,4866.916,574.199,485.683,102.635,239.663,1548.051,286.334,876.521,1539.077,2956.718,1097.287,504.096,279.428,3020,862.602,2802.91
2/13/11 11:00,4955.166,583.271,488.218,103.724,243.771,1566.019,289.258,888.741,1529.514,3008.768,1105.617,507.792,281.292,3050.782,882.559,2827.281
2/13/11 12:00,5116.584,599.929,494.705,107.241,246.737,1607.661,298.775,912.251,1588.878,3059.229,1127.716,513.714,288.335,3086.52,909.786,2892.672
2/13/11 13:00,5321.934,627.19,506.312,112.426,251.849,1671.31,315.587,950.715,1599.421,3176.719,1168.238,528.052,299.534,3144.688,951.874,3005.278
2/13/11 14:00,5481.981,647.264,508.379,115.142,249.636,1695.44,326.241,973.908,1693.88,3248.267,1190.729,534.236,298.409,3194.994,990.957,3060.279
2/13/11 15:00,5513.262,645.578,511.976,116.46,250.148,1695.031,330.144,974.065,1644.559,3295.576,1197.954,535.362,298.891,3195.478,992.125,3087.435
2/13/11 16:00,5311.696,620.577,501.572,117.013,250.874,1684.969,332.34,950.718,1636.572,3253.047,1202.178,539.33,300.03,3158.881,944.752,3079.261
2/13/11 17:00,4992.129,590.666,490.777,115.851,246.017,1668.141,334.037,922.735,1548.615,3151.649,1201.051,541.196,299.806,3095.012,877.453,3048.684
2/13/11 18:00,4741.155,563.054,479.207,116,243.571,1642.163,334.809,897.655,1527.353,3069.614,1199.625,533.072,299.325,3014.236,832.66,3014.093
2/13/11 19:00,4581.037,544.081,476.362,116.171,242.625,1611.233,334.705,876.999,1522.36,2989.497,1193.404,525.339,298.828,2943.814,801.997,2979.201
2/13/11 20:00,4428.202,525.666,466.542,115.338,242.096,1576.633,328.595,849.379,1487.547,2915.01,1176.366,517.806,294.417,2899.565,774.729,2912.134
2/13/11 21:00,4298.828,507.447,460.767,112.805,239.393,1550.011,323.674,827.354,1475.493,2862.885,1165.312,511.382,289.744,2848.729,751.516,2860.219
2/13/11 22:00,4203.368,499.577,458.755,110.598,238.164,1537.654,320.227,820.461,1449.636,2803.667,1162.408,508.224,288.15,2823.732,735.394,2841.097
2/13/11 23:00,4237.469,504.813,458.679,112.277,240.704,1554.145,323.45,834.456,1470.574,2822.881,1175.992,506.658,293.849,2819.736,737.254,2869.734
2/14/11 0:00,4386.691,535.815,473.677,120.72,245.249,1631.674,336.527,885.07,1516.325,2886.028,1223.616,512.807,309.526,2849.415,753.697,2974.105
2/14/11 1:00,4815.237,597.254,506.395,133.834,265.445,1798.292,368.723,991.887,1638.238,3120.695,1320.655,537.878,340.778,2928.031,822.553,3228.878
2/14/11 2:00,4992.993,615.57,514.967,134.147,273.585,1822.65,370.78,1006.939,1678.464,3215.923,1332.845,554.926,340.295,3056.505,869.715,3284.753
2/14/11 3:00,4984.586,613.831,512.778,130.781,271.033,1801.562,362.019,998.102,1676.302,3218.09,1312.805,556.122,334.258,3064.444,872.335,3253.026
2/14/11 4:00,4881.52,599.56,509.608,124.928,272.091,1750.918,346.044,965.83,1621.159,3152.208,1272.038,546.638,323.316,3034.357,858.459,3162.402
2/14/11 5:00,4644.433,570.145,497.59,116.228,265.308,1653.725,321.321,912.121,1575.816,3022.552,1207.204,526.38,305.831,2942.328,815.772,2997.846
2/14/11 6:00,4391.69,536.414,484.14,106.708,259.01,1552.435,296.907,861.732,1471.666,2855.174,1132.359,500.92,288.02,2847.198,776.151,2819.177
2/14/11 7:00,4242.955,520.079,476.215,100.124,254.267,1501.599,282.013,838.779,1468.794,2746.241,1091.305,488.224,276.095,2782.912,761.674,2710.567
2/14/11 8:00,4212.679,517.501,476.811,95.836,251.901,1508.432,273.458,830.362,1468.624,2718.999,1074.821,485.785,269.087,2766.028,768.269,2660.345
2/14/11 9:00,4219.288,523.804,475.95,95.281,253.139,1480.56,272.126,837.93,1496.389,2715.843,1074.092,485.989,268.012,2759.376,779.188,2649.021
2/14/11 10:00,4276.356,538.548,481.302,96.048,252.5,1505.108,276.044,851.748,1521.258,2747.616,1087.752,488.136,270.564,2781.818,797.056,2677.05
2/14/11 11:00,4460.32,564.543,493.346,101.091,258.48,1561.58,288.259,888.025,1556.341,2844.011,1123.598,498.732,279.903,2837.604,825.324,2760.439
2/14/11 12:00,4860.978,619.75,517.067,110.336,272.545,1696.45,317.575,971.1,1683.847,3057.72,1209.976,526.01,302.574,2936.648,877.717,2992.14
2/14/11 13:00,5515.29,711.336,557.115,124.897,291.749,1914.171,373.382,1091.467,1872.187,3438.725,1355.066,576.281,339.616,3155.681,983.414,3379.474
2/14/11 14:00,5693.204,743.309,573.515,125.91,302.402,1990.356,408.726,1117.99,1999.236,3630.509,1419.151,611.63,359.587,3316.622,992.291,3550.002
2/14/11 15:00,5489.705,708.229,561.003,124.876,305.066,1945.415,403.951,1081.009,1941.013,3552.66,1402.196,621.253,364.115,3294.252,912.408,3527.127
2/14/11 16:00,5282.258,667.193,541.938,125.676,304.046,1902.555,399.582,1047.195,1893.7,3483.886,1386.743,627.916,364.252,3273.622,865.464,3501.504
2/14/11 17:00,5092.338,640.315,528.081,126.17,299.514,1877.352,399.033,1026.002,1841.984,3443.829,1382.218,633.756,364.134,3264.103,824.831,3469.416
2/14/11 18:00,4919.252,619.257,521.792,124.546,297.459,1840.439,394.682,996.576,1761.344,3353.453,1370.423,630.039,360.973,3228.232,795.643,3412.056
2/14/11 19:00,4777.808,600.388,514.065,122.268,293.154,1805.498,387.451,968.158,1740.451,3278.189,1344.967,622.238,356.06,3171.552,768.826,3357.535
2/14/11 20:00,4715.884,586.165,507.85,119.721,285.651,1770.881,383.714,945.285,1741.947,3224.659,1337.861,624.149,351.493,3144.412,748.104,3321.491
2/14/11 21:00,4644.084,570.531,500.337,117.719,281.944,1738.393,377.409,918.387,1702.315,3145.082,1320.381,621.382,345.942,3120.654,735.51,3275.631
2/14/11 22:00,4604.526,563.072,493.517,116.653,277.878,1715.095,371.459,913.342,1659.789,3098.49,1303.217,615.54,340.821,3115.238,732.182,3213.623
2/14/11 23:00,4595.566,568.317,494.594,120.888,272.482,1714.755,373.725,924.249,1704.575,3098.702,1310.973,614.664,339.543,3103.463,747.443,3195.639
2/15/11 0:00,4665.489,598.206,502.931,124.081,274.675,1783.517,382.418,974.866,1714.476,3140.766,1356.005,609.348,347.71,3097.043,775.317,3255.703
2/15/11 1:00,5018.031,652.461,534.587,134.288,292.538,1927.306,408.062,1066.752,1838.113,3366.265,1448.076,623.547,373.587,3172.632,843.418,3466.693
2/15/11 2:00,5081.269,663.796,542.848,134.229,295.915,1928.252,407.968,1075.508,1880.38,3406.173,1449.111,636.416,370.377,3317.005,883.045,3487.201
2/15/11 3:00,5039.431,666.087,543.878,131.402,291.535,1904.623,397.748,1066.028,1860.779,3380.419,1428.987,631.963,362.472,3325.921,885.083,3444.915
2/15/11 4:00,4877.314,652.435,535.21,124.32,285.256,1847.292,378.076,1040.839,1830.08,3289.581,1370.267,622.701,349.428,3299.645,864.992,3354.35
2/15/11 5:00,4605.2,620.967,522.445,114.048,276.93,1739.003,348.364,978.494,1704.741,3124.488,1284.307,600.637,327.278,3213.592,823.858,3162.416
2/15/11 6:00,4303.882,580.006,506.108,103.648,267.689,1622.212,321.125,916.849,1597.091,2932.55,1203.701,571.137,304.595,3105.35,776.087,2956.447
2/15/11 7:00,4123.009,562.728,492.142,97.55,260.943,1557.934,303.697,888.69,1600.102,2825.925,1160.742,550.264,288.798,3034.395,754.951,2846.044
2/15/11 8:00,4057.371,550.885,488.505,95.129,256.755,1527.271,295.231,874.484,1548.646,2778.449,1135.329,538.471,280.091,3019.508,750.862,2791.803
2/15/11 9:00,4053.878,544.647,481.193,94.087,255.007,1514.859,294.161,870.766,1585.222,2740.959,1131.11,532.821,275.434,3019.578,756.101,2766.787
2/15/11 10:00,4084.71,549.142,483.507,93.982,253.923,1534.878,297.013,881.987,1586.366,2759.536,1136.134,531.516,274.273,3027.193,768.584,2779.539
2/15/11 11:00,4189.894,564.97,491.212,97.747,257.184,1591.887,306.749,912.826,1616.726,2826.017,1163.378,540.353,281.602,3062.99,784.116,2844.922
2/15/11 12:00,4494.578,613.188,507.056,105.611,264.732,1719.558,334.28,985.973,1709.592,3009.463,1243.754,561.819,302.381,3159.919,832.748,3060.197
2/15/11 13:00,5068.881,693.002,541.764,120.095,286.432,1919.844,385.578,1087.968,1874.908,3330.175,1386.889,599.992,338.296,3349.622,926.833,3397.665
2/15/11 14:00,5235.678,721.681,554.506,122.635,292.499,2004.36,416.65,1114.454,1983.734,3485.432,1442.4,640.024,355.628,3473.553,934.633,3564.738
2/15/11 15:00,5158.925,691.167,549.141,123.705,288.973,1964.954,412.409,1085.782,1918.686,3458.845,1412.494,640.357,359.71,3391.612,872.972,3562.468
2/15/11 16:00,5089.34,669.714,543.132,125.386,296.516,1947.667,408.07,1063.046,1872.597,3429.017,1411.07,648.381,362.631,3312.79,833.016,3526.783
2/15/11 17:00,5044.474,652.439,541.229,126.906,292.311,1948.417,405.352,1053.195,1778.511,3411.193,1400.906,650.17,363.414,3250.66,801.685,3520.562
2/15/11 18:00,4932.011,630.352,537.459,125.396,292.396,1922.882,399.924,1034.066,1706.602,3327.619,1381.585,645.232,356.97,3189.292,774.621,3480.444
2/15/11 19:00,4832.87,613.09,533.791,123.916,287.112,1894.504,393.737,1016.129,1644.334,3262.062,1358.066,633.015,354.742,3130.332,743.303,3417.677
2/15/11 20:00,4766.706,599.976,526.576,121.915,290.139,1874.929,387.622,1004.841,1615.355,3213.827,1345.925,636.333,351.144,3114.593,734.704,3375.128
2/15/11 21:00,4674.513,581.896,513.321,120.817,285.152,1850.244,380.199,988.09,1578.331,3171.106,1325.348,625.231,344.353,3117.886,722.017,3322.738
2/15/11 22:00,4617.839,570.239,501.104,121.477,283.813,1841.847,373.332,982.549,1535.789,3130.074,1304.805,614.038,344.143,3115.27,720.754,3266.042
2/15/11 23:00,4600.801,569.28,499.116,125.278,281.077,1866.652,372.438,996.335,1526.731,3108.469,1305.696,607.912,344.981,3130.071,722.581,3229.894
2/16/11 0:00,4619.869,580.129,500.758,132.052,285.283,1919.265,374.275,1033.747,1538.802,3113.804,1334.582,596.779,348.072,3110.636,739.126,3255.06
2/16/11 1:00,4946.312,625.61,527.632,138.592,296.23,1985.766,401.788,1088.958,1671.853,3279.177,1430.864,613.992,368.973,3166.352,805.401,3457.853
2/16/11 2:00,5058.903,627.601,531.19,136.77,296.735,1954.906,404.525,1081.951,1755.091,3344.619,1439.216,626.617,364.237,3286.131,845.968,3491.066
2/16/11 3:00,4998.375,622.603,527.96,132.411,291.459,1910.983,396.601,1059.871,1741.828,3300.988,1418.383,614.665,353.873,3265.611,845.307,3445.612
2/16/11 4:00,4793.002,602.603,515.333,123.358,285.993,1824.782,377.106,1019.558,1707.097,3203.018,1355.795,603.776,337.29,3217.77,821.055,3343.456
2/16/11 5:00,4468.079,564.805,499.966,111.037,273.064,1690.199,344.287,948.374,1641.18,3002.854,1261.946,582.942,312.982,3121.666,776.393,3141.764
2/16/11 6:00,4127.998,520.753,480.936,100.763,262.43,1566.505,315.987,878.982,1561.191,2778.245,1171.686,558.493,290.47,2997.854,724.235,2924.58
2/16/11 7:00,3942.727,495.964,469.136,94.59,250.517,1504.818,298.246,844.689,1522.267,2655.754,1112.949,543.011,274.85,2910.054,700.9,2817.694
2/16/11 8:00,3850.985,484.887,461.976,91.398,248.346,1486.484,289.218,804.652,1507.865,2598.981,1081.067,534.132,262.999,2891.395,693.287,2759.515
2/16/11 9:00,3813.424,484.659,457.65,89.801,248.043,1479.742,286.826,812.044,1514.059,2562.077,1077.653,529.955,258.216,2890.174,690.649,2732.522
2/16/11 10:00,3829.243,488.431,457.596,90.12,250.319,1493.772,288.258,825.361,1523.721,2555.153,1084.09,531.464,256.654,2901.133,704.216,2739.147
2/16/11 11:00,3927.199,503.757,465.442,93.824,253.04,1540.154,299.101,865.503,1546.327,2623.343,1117.118,538.144,262.728,2940.312,723.778,2816.386
2/16/11 12:00,4229.657,545.154,485.944,102.43,266.09,1664.592,326.738,946.881,1658.22,2783.538,1186.686,559.455,282.366,3037.299,773.642,3012.684
2/16/11 13:00,4810.3,625.8,521.379,115.653,286.559,1870.624,380.478,1055.613,1829.222,3108.228,1320.589,604.526,315.358,3242.562,872.757,3363.897
2/16/11 14:00,5040.355,653.09,536.117,117.637,294.85,1947.226,411.322,1085.909,1896.346,3335.029,1381.181,635.035,332.012,3382.395,894.384,3539.746
2/16/11 15:00,5005.361,634.705,534.774,118.317,301.88,1942.31,403.707,1087.429,1835.336,3324.043,1345.113,639.351,344.307,3309.731,839.336,3539.023
2/16/11 16:00,4987.371,622.2,536.763,119.369,300.697,1927.629,399.112,1074.535,1804.28,3330.452,1288.704,635.173,352.034,3249.818,808.987,3495.362
2/16/11 17:00,4963.844,608.508,534.345,121.017,303.358,1925.048,393.711,1056.174,1750.776,3306.747,1294.127,637.241,352.798,3226.927,776.807,3479.136
2/16/11 18:00,4909.869,603.579,530.896,122.77,299.289,1876.69,391.453,1034.329,1723.299,3238.009,1287.886,629.975,352.798,3184.716,750.987,3425.251
2/16/11 19:00,4824.106,593.724,524.564,121.377,292.554,1860.122,386.755,1015.394,1673.638,3202.136,1267.667,623.134,352.798,3124.548,727.63,3373.53
2/16/11 20:00,4789.275,582.906,520.08,120.783,293.255,1841.768,384.642,998.088,1646.88,3181.291,1260.885,622.812,352.798,3115.801,720.693,3300.88
2/16/11 21:00,4724.297,568.888,515.134,120.113,289.163,1820.741,378.327,971.609,1608.684,3146.309,1246.527,618.463,352.798,3127.521,714.939,3241.219
2/16/11 22:00,4694.464,560.26,504.619,116.172,278.689,1785.916,371.747,954.107,1615.947,3126.876,1240.151,611.847,352.798,3141.85,720.557,3192.754
2/16/11 23:00,4702.041,561.205,500.363,115.58,268.881,1761.452,372.843,947.725,1596.143,3116.111,1265.765,604.178,352.798,3155.409,733.135,3158.495
2/17/11 0:00,4748.046,570.527,505.372,122.046,270.197,1785.113,374.666,967.157,1630.711,3121.773,1319.624,594.117,352.798,3141.705,749.007,3164.297
2/17/11 1:00,5020.173,610.64,526.649,132.521,282.27,1901.962,398.665,1042.609,1708.159,3310.165,1397.395,606.437,352.798,3180.884,809.176,3357.575
2/17/11 2:00,5050.508,611.253,528.161,131.494,280.43,1888.99,399.145,1036.294,1760.613,3316.736,1398.867,623.244,352.798,3266.379,842.503,3383.134
2/17/11 3:00,4951.203,597.307,518.846,126.833,284.285,1841.791,389.294,1009.755,1745.874,3301.258,1369.68,619.955,352.798,3224.512,840.244,3315.344
2/17/11 4:00,4770.89,571,505.913,118.239,275.998,1759.245,369.196,964.69,1709.022,3186.511,1315.186,604.385,352.798,3173.899,817.943,3178.205
2/17/11 5:00,4437.096,525.396,488.341,105.546,263.734,1614.475,336.003,878.844,1607.422,2968.531,1219.15,568.97,352.798,3062.5,761.888,2944.966
2/17/11 6:00,4082.458,480.602,467.861,94.023,249.121,1479.906,303.959,799.803,1504.005,2726.03,1129.871,535.559,352.798,2932.481,702.314,2707.837
2/17/11 7:00,3858.247,453.455,451.374,87.925,239.521,1403.734,285.004,759.567,1467.253,2589.834,1077.829,512.265,352.798,2836.027,669.069,2570.82
2/17/11 8:00,3743.975,436.923,443.898,84.017,240.373,1361.255,274.489,738.358,1429.55,2493.27,1046.585,501.897,352.798,2788.722,654.9,2499.811
2/17/11 9:00,3659.291,428.956,438.56,82.277,237.218,1335.202,267.565,725.505,1420.57,2453.991,1034.046,503.04,352.798,2769.29,650.474,2456.12
2/17/11 10:00,3630.071,430.47,437.357,81.265,236.404,1326.128,265.725,721.559,1444.477,2443.908,1029.753,506.221,352.798,2774.263,649.838,2448.137
2/17/11 11:00,3700.326,442.321,445.638,84.138,239.215,1355.883,272.365,741.11,1482.684,2493.956,1057.178,512.266,352.798,2792.093,656.022,2497.016
2/17/11 12:00,3989.633,483.503,462.248,91.28,247.236,1465.136,295.583,803.21,1580.302,2642.581,1133.623,547.872,352.798,2879.182,691.971,2687.296
2/17/11 13:00,4545.048,558.215,495.489,102.002,268.091,1660.815,345.163,911.268,1759.652,2961.414,1270.616,594.772,352.798,3065.049,771.773,3040.949
2/17/11 14:00,4772.721,590.333,509.848,104.33,271.564,1734.095,373.829,940.996,1849.224,3155.735,1334.129,623.366,352.798,3214.859,788.37,3201.988
2/17/11 15:00,4770.87,586.036,512.045,107.436,276.514,1744.956,374.067,928.252,1804.156,3160.921,1325.71,629.623,352.798,3183.228,746.888,3222.734
2/17/11 16:00,4814.421,580.48,516.493,109.886,279.375,1753.315,378.189,918.127,1765.296,3200.628,1328.153,631.738,352.798,3169.901,729.451,3253.271
2/17/11 17:00,4828.131,575.529,516.662,113.431,280.161,1758.002,382.27,912.572,1745.65,3243.37,1331.236,638.678,352.798,3168.699,721.078,3293.195
2/17/11 18:00,4796.535,567.639,514.851,114.198,277.326,1763.149,382.947,907.879,1702.092,3260.733,1325.848,640.133,352.798,3158.01,717.216,3298.857
2/17/11 19:00,4789.705,565.017,516.412,114.199,276.383,1770.981,382.81,904.101,1653.883,3253.571,1319.601,634.744,352.798,3135.867,710.807,3278.171
2/17/11 20:00,4819.651,557.731,517.095,114.432,279.182,1752.908,382.264,900.977,1687.142,3254.081,1313.673,635.961,352.798,3146.057,714.935,3272.829
2/17/11 21:00,4799.437,548.076,517.213,113.392,277.814,1739.632,375.43,885.816,1647.358,3261.093,1304.477,624.545,352.798,3153.326,711.892,3239.121
2/17/11 22:00,4782.895,540.946,508.803,113.288,272.122,1712.677,369.669,875.941,1636.873,3256.388,1292.266,612.881,348.608,3156.912,714,3188.226
2/17/11 23:00,4772.314,542.355,504.661,112.597,261.774,1706.3,367.33,878.88,1628.653,3264.265,1280.996,612.192,342.054,3165.653,723.557,3156.678
2/18/11 0:00,4776.154,545.429,503.486,114.361,265.437,1717.557,367.427,891.633,1647.921,3226.833,1296.092,599.654,340.618,3150.711,734.049,3148.921
2/18/11 1:00,5048.071,580.245,523.41,124.199,273.31,1811.922,388.909,956.563,1745.039,3337.303,1373.039,613.996,359.92,3188.564,783.783,3319.13
2/18/11 2:00,5115.738,579.834,525.238,123.354,276.875,1803.595,390.866,957.057,1783.17,3362.164,1383.342,621.133,354.558,3311.139,820.86,3335.537
2/18/11 3:00,5014.037,569.954,516.024,119.467,274.536,1762.101,379.29,936.976,1757.437,3304.083,1357.064,613.344,343.948,3289.852,816.661,3267.996
2/18/11 4:00,4774.709,543.752,499.27,110.494,262.842,1674.873,359.045,894.357,1708.921,3180.812,1296.719,601.36,325.311,3241.08,792.699,3144.877
2/18/11 5:00,4417.432,505.011,475.978,98.785,253.628,1552.398,328.051,831.387,1660.495,2952.857,1218.586,574.786,299.65,3155.556,740.014,2937.106
2/18/11 6:00,4079.96,455.532,453.935,88.474,240.11,1419.635,299.543,759.576,1590.342,2728.678,1138.723,544.102,276.155,3020.433,680.695,2709.086
2/18/11 7:00,3832.226,427.123,433.689,81.847,231.676,1340.163,282.805,719.086,1542.434,2558.755,1092.563,526.958,258.445,2926.921,647.377,2582.254
2/18/11 8:00,3692.66,408.347,422.464,79.193,229.04,1307.23,274.403,706.743,1542.593,2456.329,1072.713,519.6,248.546,2878.339,632.432,2508.289
2/18/11 9:00,3624.378,399.271,417.755,77.614,229.304,1282.112,273.096,703.878,1543.444,2397.071,1072.603,517.424,240.674,2861.626,625.038,2478.29
2/18/11 10:00,3601.252,398.286,418.497,77.736,230.033,1295.25,275.995,715.359,1561.086,2385.696,1087.953,517.545,238.101,2874.372,625.697,2495.017
2/18/11 11:00,3659.949,409.634,425.46,81.947,234.745,1337.37,287.076,748.091,1596.615,2422.736,1124.274,527.862,242.677,2917.691,638.129,2562.733
2/18/11 12:00,3906.705,444.043,441.11,90.131,247.945,1440.886,312.876,830.8,1673.792,2576.528,1205.369,551.815,259.693,3014.367,679.437,2758.609
2/18/11 13:00,4438.145,518.756,470.377,101.344,268.855,1577.331,366.348,954.426,1855.546,2890.058,1348.347,597.253,289.978,3211.014,759.725,3122.096
2/18/11 14:00,4651.74,560.746,490.233,105.413,276.004,1722.788,399.049,998.602,1902.657,3073.585,1406.609,627.275,309.466,3347.596,783.91,3296.894
2/18/11 15:00,4664.628,563.562,497.296,103.713,284.889,1726.961,400.341,986.874,1905.007,3137.348,1399.477,632.036,322.594,3338.365,757.304,3315.066
2/18/11 16:00,4726.67,562.832,497.491,109.901,284.871,1766.505,396.936,972.013,1868.819,3170.561,1383.255,634.224,331.607,3318.112,750.999,3323.237
2/18/11 17:00,4763.524,560.087,505.658,112.163,282.896,1761.535,396.011,958.988,1841.59,3200.939,1375.136,640.88,336.72,3311.753,738.398,3331.568
2/18/11 18:00,4764.472,549.431,505.391,112.076,281.116,1725.824,390.881,938.895,1787.571,3198.382,1363.672,634.336,338.492,3282.83,725.615,3293.432
2/18/11 19:00,4710.009,541.401,499.673,110.237,274.88,1703.468,384.423,908.309,1739.271,3188.159,1338.428,628.82,340.245,3253.183,714.093,3230.496
2/18/11 20:00,4730.514,532.772,497.192,109.849,271.616,1695.921,378.823,891.562,1695.417,3211.189,1327.915,623.779,340.968,3242.373,716.196,3187.365
2/18/11 21:00,4720.767,525.375,494.575,109.401,266.27,1674.572,371.958,871.623,1656.574,3191.661,1316.023,609.83,335.353,3233.197,711.011,3160.684
2/18/11 22:00,4695.829,516.765,485.619,108.518,253.806,1651.757,363.558,858.728,1618.401,3160.649,1299.844,597.796,329.468,3224.842,708.427,3097.572
2/18/11 23:00,4646.227,509.845,480.192,109.138,247.852,1632.109,363.618,859.949,1628.981,3136.022,1297.803,590.446,325.572,3221.759,711.054,3053.388
2/19/11 0:00,4607.457,509.8,477.013,112.225,241.64,1638,368.288,878.47,1624.748,3090.539,1312.944,575.516,322.518,3189.616,717.158,3034.957
2/19/11 1:00,4787.204,540.683,491.556,121.377,259.319,1734.034,383.999,947.729,1691.333,3179.435,1382.274,580.635,337.932,3205.485,756.672,3177.099
2/19/11 2:00,4773.248,541.059,492.745,121.031,259.734,1726.422,379.066,944.894,1747.726,3173.451,1374.394,590.88,332.681,3269.872,780.394,3186.968
2/19/11 3:00,4665.273,530.235,483.869,118.553,259.511,1695.288,368.403,931.665,1729.475,3117.085,1353.61,583.449,323.498,3212.473,769.703,3135.887
2/19/11 4:00,4491.675,514.026,472.27,112.548,248.674,1654.642,354.224,913.473,1714.93,3004.935,1317.885,575.505,309.357,3176.438,753.198,3046.558
2/19/11 5:00,4262.601,491.055,459.495,104.223,240.337,1575.34,329.395,869.986,1665.48,2858.805,1250.399,565.148,291.235,3111.743,727.292,2900.713
2/19/11 6:00,3987.55,456.081,445.762,96.04,230.868,1484.812,301.703,814.11,1604.47,2681.566,1174.023,547.681,271.422,3024.704,681.363,2724.835
2/19/11 7:00,3776.592,427.537,426.965,89.571,224.512,1416.847,285.555,782.288,1571.064,2531.779,1125.016,527.644,254.438,2960.629,650.519,2592.689
2/19/11 8:00,3650.492,410.394,417.15,86.072,219.631,1377.446,278.142,766.374,1548.822,2444.446,1099.553,513.576,245.118,2911.482,631.841,2519.769
2/19/11 9:00,3568.404,400.428,412.913,83.805,217.241,1359.125,275.423,757.881,1543.789,2378.792,1092.716,509.854,239.727,2882.468,621.57,2477.954
2/19/11 10:00,3556.9,397.933,407.83,83.482,215.822,1350.232,275.539,757.115,1544.514,2366.817,1094.742,508.99,236.447,2867.639,617.5,2458.496
2/19/11 11:00,3564.555,404.134,415.559,84.87,216.123,1366.021,280.609,768.933,1567.727,2392.068,1110.212,515.192,238.053,2868.582,620.755,2482.518
2/19/11 12:00,3668.889,420.306,420.013,87.894,219.768,1421.714,292.103,801.526,1607.518,2453.228,1147.453,526.887,247.016,2888.427,637.853,2568.903
2/19/11 13:00,3856.884,449.884,432.476,95.219,230.021,1497.737,314.733,852.35,1695.762,2564.362,1207.04,551.484,260.553,2955.355,671.367,2702.743
2/19/11 14:00,3996.529,477.843,440.716,99.686,228.577,1560.923,327.861,899.223,1719.926,2623.879,1241.575,571.502,265.743,2998.246,697.064,2802.219
2/19/11 15:00,4210.046,509.047,456.744,105.641,235.687,1624.082,339.057,937.467,1736.085,2753.114,1277.207,579.911,283.518,3033.78,732.004,2928.358
2/19/11 16:00,4363.715,529.95,466.895,112.446,242.529,1681.594,349.419,963.607,1733.033,2859.989,1301.319,586.127,298.24,3078.047,749.801,3030.981
2/19/11 17:00,4438.211,528.366,472.322,116.426,245.763,1710.861,352.81,968.418,1725.936,2926.402,1305.352,583.174,305.932,3100.4,740.901,3080.51
2/19/11 18:00,4416.205,518.756,473.024,116.703,245.348,1700.288,349.007,957.003,1667.638,2955.034,1293.414,581.702,306.34,3097.225,734.951,3079.939
2/19/11 19:00,4371.52,504.618,472.588,115.468,242.528,1675.321,341.877,934.302,1615.228,2936.259,1263.962,569.46,298.979,3078.021,722.86,3028.167
2/19/11 20:00,4337.112,488.363,468.741,114.166,242.644,1655.362,334.439,916.186,1589.407,2888.683,1233.216,562.953,289.241,3074.925,713.964,2979.523
2/19/11 21:00,4283.563,475.945,465.749,112.615,241.068,1641.951,330.504,901.909,1547.665,2906.481,1211.343,552.445,284.245,3059.135,706.047,2936.489
2/19/11 22:00,4272.066,469.444,466.868,113,236.917,1651.186,333.084,908.235,1538.087,2889.631,1211.507,542.601,281.132,3042.717,706.164,2911.891
2/19/11 23:00,4290.253,470.994,465.679,116.619,240.31,1690.727,342.825,934.322,1569.263,2879.952,1235.101,533.637,282.32,3037.878,708.57,2928.453
2/20/11 0:00,4335.693,480.87,468.846,122.639,245.815,1747.214,352.647,970.186,1611.811,2898.989,1278.695,533.044,291.06,3028.609,719.534,2988.711
2/20/11 1:00,4569.609,516.325,486.745,127.78,255.498,1798.327,368.956,1005.36,1680.109,3042.873,1340.307,549.602,316.346,3060.578,760.364,3120.963
2/20/11 2:00,4595.148,517.611,485.332,125.158,254.645,1747.872,364.46,994.985,1687.444,3057.501,1329.796,566.145,315.403,3150.799,781.213,3110.865
2/20/11 3:00,4474.384,509.287,474.288,122.058,252.39,1749.217,355.047,975.941,1675.589,3018.601,1302.453,561.755,309.644,3119.787,769.632,3053.652
2/20/11 4:00,4336.179,492.481,464.27,116.228,245.809,1708.562,341.412,943.403,1640.727,2915.691,1264.212,550.944,298.612,3075.086,749.605,2951.926
2/20/11 5:00,4113.567,466.305,450.702,107.664,238.21,1620.449,320.096,894.01,1591.466,2782.535,1203.468,538.283,281.986,2995.962,721.273,2812.717
2/20/11 6:00,3853.165,435.912,432.05,99.041,227.612,1523.577,298.595,840.031,1541.387,2614.111,1137.69,518.398,266.79,2904.876,682.218,2655.48
2/20/11 7:00,3648.136,413.754,421.755,92.436,217.377,1449.484,283.092,799.505,1516.024,2472.321,1092.69,503.736,255.595,2831.51,649.622,2522.715
2/20/11 8:00,3518.903,400.783,405.67,88.192,208.388,1401.604,273.494,775.504,1520.707,2380.122,1064.214,490.225,248.063,2795.312,630.736,2443.806
2/20/11 9:00,3421.74,395.132,400.2,85.304,203.886,1372.069,269.535,761.664,1457.885,2329.445,1053.571,480.89,244.218,2766.416,615.907,2403.838
2/20/11 10:00,3369.237,394.006,395.815,83.955,198.573,1358.903,268.474,756.419,1451.749,2299.762,1049.004,479.087,242.727,2752.934,611.008,2378.592
2/20/11 11:00,3381.572,397.125,397.539,84.195,197.274,1357.899,269.459,758.965,1501.347,2300.069,1053.901,479.395,243.656,2745.076,611.628,2378.95
2/20/11 12:00,3449.871,410.495,399.672,86.568,199.962,1384.936,275.804,773.896,1529.74,2334.447,1071.496,482.794,249.947,2758.273,622.571,2416.947
2/20/11 13:00,3578.923,431.9,408.555,90.371,207.187,1428.113,288.609,801.354,1595.83,2393.869,1112.063,494.803,259.021,2808.256,643.838,2502.218
2/20/11 14:00,3681.664,451.823,413.167,91.159,204.53,1441.025,300.272,817.372,1661.501,2493.513,1141.871,503.048,258.605,2846.257,672.129,2563.624
2/20/11 15:00,3928.336,480.319,431.953,95.36,209.659,1493.774,312.642,841.159,1690.134,2619.898,1176.608,511.002,267.426,2904.751,715.142,2662.607
2/20/11 16:00,4077.727,491.307,438.221,99.507,212.896,1535.705,327.498,854.142,1738.756,2724.219,1222.695,523.422,276.24,2960.992,736.087,2753.746
2/20/11 17:00,4097.973,482.035,441.329,102.163,215.163,1542.088,335.136,851.244,1753.689,2769.351,1255.799,526.326,280.216,2984.283,734.422,2792.372
2/20/11 18:00,4104.261,473.614,444.493,105.027,215.907,1556.412,337.904,847.029,1767.474,2798.456,1267.995,532.616,281.256,2993.089,727.073,2812.994
2/20/11 19:00,4145.817,476.733,453.022,107.194,214.638,1558.351,340.642,844.586,1764.53,2825.933,1253.769,530.521,283.341,2993.258,728.379,2820.416
2/20/11 20:00,4170.311,474.076,452.062,106.345,214.306,1533.964,335.096,824.9,1753.947,2817.292,1235.834,524.931,285.214,2989.2,720.791,2789.821
2/20/11 21:00,4158.122,467.154,450.287,104.237,211.464,1513.756,333.518,803.148,1738.517,2816.534,1230.202,519.849,286.014,2972.041,708.819,2762.57
2/20/11 22:00,4153.666,464.656,446.44,103.527,210.058,1501.516,336.016,795.052,1759.098,2796.339,1216.569,513.762,286.089,2956.025,708.373,2749.625
2/20/11 23:00,4208.285,475.333,450.407,104.673,214.259,1508.33,350.502,804.582,1782.495,2807.115,1250.609,511.771,294.088,2952.295,713.046,2775.777
2/21/11 0:00,4307.135,496.679,457.544,110.734,220.673,1582.874,372.172,845.035,1858.041,2882.054,1320.318,519.416,310.275,2986.882,730.046,2889.282
2/21/11 1:00,4589.107,526.367,482.645,119.857,236.594,1695.01,397.63,918.615,1979.275,3067.383,1393.39,536.436,325.73,3059.681,785.568,3074.498
2/21/11 2:00,4664.839,526.571,483.755,117.796,243.389,1683.015,407.501,919.599,1994.539,3110.717,1407.104,556.55,319.544,3160.865,818.059,3102.961
2/21/11 3:00,4572.435,514.826,481.822,112.548,239.696,1640.333,403.139,894.947,2021.165,3063.953,1390.46,558.415,310.037,3150.357,803.351,3051.143
2/21/11 4:00,4376.285,492.544,469.664,107.013,239.654,1593.866,390.284,868.308,1991.352,2941.609,1347.208,555.037,297.955,3107.642,775.076,2950.654
2/21/11 5:00,4094.074,454.789,455.255,99.428,242.697,1531.819,365.932,824.285,1924.151,2771.419,1284.081,535.755,281.693,3022.854,729.095,2777.216
2/21/11 6:00,3807.18,418.465,435.388,92.476,241.593,1425.509,344.162,781.971,1865.589,2589.622,1218.196,515.216,265.797,2939.004,673.003,2624.825
2/21/11 7:00,3589.095,396.997,422.497,87.731,234.567,1381.303,335.152,763.967,1837.572,2453.545,1181.206,503.614,252.477,2853.011,640.87,2536.457
2/21/11 8:00,3481.245,385.987,420.251,86.013,236.704,1370.776,330.074,758.986,1834.781,2360.874,1163.734,502.097,243.899,2822.718,627.563,2505.534
2/21/11 9:00,3424.749,382.115,413.862,87.209,233.731,1392.541,330.139,768.378,1844.131,2336.79,1161.732,505.926,238.846,2818.899,623.71,2518.955
2/21/11 10:00,3399.284,384.757,413.568,88.111,236.549,1420.786,334.695,793.261,1879.037,2314.857,1167.71,509.301,238.184,2813.436,628.313,2560.966
2/21/11 11:00,3487.794,405.738,423.761,91.958,245.31,1483.236,346.414,832.423,1923.547,2373.419,1197.667,518.061,243.597,2852.325,642.035,2655.906
2/21/11 12:00,3772.175,449.874,442.146,99.707,260.019,1608.425,372.328,910.24,2040.511,2564.77,1269.061,541.481,260.194,2943.391,681.879,2870.518
2/21/11 13:00,4267.14,531.738,475.118,113.108,278.241,1794.82,417.726,1010.795,2208.437,2880.908,1392.609,589.41,287.925,3130.002,764.402,3227.758
2/21/11 14:00,4566.638,587.186,510.27,120.907,287.269,1928.565,445.273,1081.939,2304.16,3136.367,1463.606,622.563,314.443,3281.265,819.719,3458.397
2/21/11 15:00,4669.408,609.941,521.641,125.146,291.283,1997.676,447.167,1118.108,2290.591,3279.842,1499.184,632.941,333.523,3297.216,834.883,3560.619
2/21/11 16:00,4818.34,630.841,532.179,130.49,297.841,2042.337,447.693,1149.271,2273.968,3376.893,1528.595,644.149,348.342,3328.526,861.41,3607.644
2/21/11 17:00,4923.172,646.837,543.63,132.242,297.127,2027.688,450.356,1145.318,2256.476,3442.016,1539.094,645.989,359.693,3339.923,865.556,3640.531
2/21/11 18:00,4933.579,658.456,547.52,131.409,298.772,1994.486,449.639,1121.691,2217.036,3436.077,1530.707,641.709,365.201,3321.542,853.338,3627.171
2/21/11 19:00,4923.555,656.354,547.291,129.657,300.704,1954.669,445.177,1094.341,2138.062,3406.879,1509.612,630.738,369.836,3282.258,834.469,3561.643
2/21/11 20:00,4947.749,641.67,535.39,127.726,295.625,1918.383,438.811,1066.923,2054.087,3361.926,1506.85,626.323,374.151,3257.9,817.121,3512.524
2/21/11 21:00,4910.075,626.63,524.002,124.973,292.76,1879.055,430.893,1037.978,2048.458,3318.068,1487.889,616.959,370.44,3229.025,814.02,3443.931
2/21/11 22:00,4826.88,609.2,510.57,123.831,287.283,1869.822,424.354,1024.603,2032.42,3237.015,1475.136,608.601,355.625,3222.669,788.817,3383.307
2/21/11 23:00,4809.774,605.908,508.65,125.709,286.76,1877.916,426.279,1039.372,2041.633,3255.777,1492.843,605.005,353.319,3213.812,810.587,3372.54
2/22/11 0:00,4875.513,627.129,520.384,135.08,292.946,1939.654,437.305,1090.581,2069.607,3320.181,1534.178,598.113,361.078,3201.081,850.881,3431.366
2/22/11 1:00,5179.415,682.054,552.636,147.715,304.528,2096.278,468.573,1197.97,2164.145,3535.91,1615.212,610.445,387.912,3259.914,928.113,3646.805
2/22/11 2:00,5291.645,694.583,563.945,149.149,310.566,2119.587,475.661,1213.436,2206.044,3635.514,1621.383,629.16,388.11,3392.414,977.03,3699.609
2/22/11 3:00,5196.293,695.031,559.118,146.467,309.765,2088.107,465.858,1195.308,2179.731,3619.955,1587.496,624.803,380.553,3387.584,976.664,3653.898
2/22/11 4:00,4989.773,680.111,549.041,138.202,304.284,2007.479,446.097,1154.515,2129.606,3511.914,1523.512,616.381,365.848,3351.248,956.678,3551.774
2/22/11 5:00,4679.374,649.331,532.951,125.994,289.725,1881.586,409.983,1084.338,2032.509,3333.767,1420.257,597.263,342.549,3277.554,917.562,3357.936
2/22/11 6:00,4376.695,618.741,514.638,114.997,276.282,1773.535,382.875,1024.422,1945.507,3159.858,1339.273,573.845,323.792,3164.72,865.715,3167.502
2/22/11 7:00,4223.177,603.332,504.921,109.535,271.495,1712.507,365.961,997.238,1909.265,3045.073,1293.502,556.897,311.335,3093.779,854.995,3046.598
2/22/11 8:00,4149.255,604.037,505.97,107.249,268.971,1694.711,358.524,990.384,1896.106,3003.257,1277.018,548.21,305.105,3078.379,858.656,3000.241
2/22/11 9:00,4167.578,610.746,506.347,106.674,268.494,1697.391,356.432,995.237,1908.981,3033.438,1276.344,545.13,302.422,3083.838,863.324,2989.724
2/22/11 10:00,4237.913,623.106,510.754,107.263,269.484,1714.83,358.235,1009.462,1910.513,3039.405,1271.92,546.366,302.278,3101.507,879.989,3011.189
2/22/11 11:00,4376.202,653.386,522.877,111.489,274.241,1771.761,370.007,1043.881,1942.72,3129.84,1293.007,552.603,310.891,3139.246,905.646,3096.76
2/22/11 12:00,4762.456,708.793,549.553,119.909,291.638,1907.537,397.409,1123.406,2028.196,3352.337,1365.43,571.619,335.061,3233.659,968.922,3308.204
2/22/11 13:00,5456.473,795.798,587.79,131.592,314.576,2123.946,448.839,1234.653,2186.86,3711.33,1505.256,614.771,370.825,3446.563,1065.013,3660.964
2/22/11 14:00,5647.348,816.961,600.065,133.269,323.772,2186.782,471.94,1261.577,2268.754,3852.238,1560.885,645.446,386.801,3574.83,1061.906,3780.699
2/22/11 15:00,5493.565,774.932,590.095,132.536,326.439,2155.164,461.787,1218.357,2174.943,3798.786,1538.329,651.828,391.913,3520.148,978.153,3755.197
2/22/11 16:00,5326.024,739.175,583.352,132.261,319.916,2099.965,452.772,1178.654,2076.772,3706.048,1531.82,655.879,388.265,3489.082,923.296,3711.005
2/22/11 17:00,5215.316,705.504,568.721,133.009,317.327,2056.698,449.584,1145.873,2050.304,3622.814,1531.029,659.763,384.828,3467.533,874.363,3664.434
2/22/11 18:00,5049.754,671.708,547.209,131.098,315.394,2020.562,443.31,1109.404,2001.866,3503.779,1503.732,657.713,377.368,3405.465,827.558,3605.395
2/22/11 19:00,4888.365,644.034,536.644,128.203,311.169,1974.243,435.405,1077.854,1953.891,3393.906,1469.898,648.238,368.687,3357.343,789.411,3522.198
2/22/11 20:00,4781.998,620.716,525.648,126.43,305.243,1924.703,425.504,1044.455,1894.321,3319.542,1454.862,639.916,362.824,3304.276,763.875,3457.806
2/22/11 21:00,4708.809,593.144,517.533,123.508,300.549,1877.314,415.48,1009.621,1970.649,3238.902,1421.607,629.971,355.21,3259.653,744.333,3373.79
2/22/11 22:00,4634.632,574.651,502.794,122.837,292.059,1834.77,405.49,1011.272,1792.653,3175.046,1400.055,619.557,348.356,3217.773,735.49,3281.304
2/22/11 23:00,4616.147,570.558,498.41,125.602,285.925,1824.642,403.222,997.738,1808.686,3139.335,1402.338,614.385,345.273,3198.228,750.352,3273.022
2/23/11 0:00,4673.07,589.162,502.781,130.695,288.506,1882.308,409.785,1043.202,1832.163,3179.287,1438.31,605.826,348.891,3195.313,783.168,3321.801
2/23/11 1:00,5033.279,647.711,532.612,143.973,303.322,2033.443,437.501,1147.288,1925.825,3371.397,1537.209,618.06,376.637,3259.869,851.971,3539.174
2/23/11 2:00,5155.02,665.753,543.715,145.784,308.383,2058.277,445.978,1169.579,1979.336,3462.782,1560.504,639.386,378.432,3400.319,900.449,3607.471
2/23/11 3:00,5098.707,665.459,537.987,143.014,304.643,2039.516,439.149,1165.561,1968.744,3436.643,1535.873,637.471,372.089,3395.947,899.892,3564.867
2/23/11 4:00,4868.717,645.386,525.347,134.849,299.305,1965.339,420.171,1128.245,1936.169,3328.291,1474.533,625.42,358.242,3340.885,874.179,3450.122
2/23/11 5:00,4533.279,606.552,509.082,122.906,289.148,1838.755,385.834,1054.529,1857.71,3119.616,1380.292,601.001,332.509,3224.674,820.894,3245.646
2/23/11 6:00,4208.865,567.903,490.489,111.638,275.055,1719.858,356.383,987.897,1750.919,2910.515,1286.582,574.569,309.824,3105.168,769.596,3049.355
2/23/11 7:00,4003.097,546.158,475.796,105.367,268.07,1645.626,340.763,951.296,1706.217,2770.532,1243.291,550.057,296.488,3024.419,740.054,2921.354
2/23/11 8:00,3890.786,535.106,470.301,102.015,264.327,1599.94,333.362,928.758,1701.587,2709.362,1221.789,538.652,288.992,2993.415,726.96,2844.464
2/23/11 9:00,3855.547,533.751,465.365,99.8,258.801,1585.089,330.397,924.345,1688.932,2644.796,1218.403,535.327,285.701,2982.782,723.497,2812.252
2/23/11 10:00,3847.406,537.281,462.723,99.56,260.938,1592.109,331.834,927.947,1695.852,2609.106,1221.813,533.587,286.277,2999.089,720.01,2814.894
2/23/11 11:00,3945.355,554.861,470.786,102.913,261.223,1634.831,340.791,951.812,1729.712,2658.762,1247.761,540.119,295.383,3021.167,730.432,2869.159
2/23/11 12:00,4259.143,600.053,487.78,110.307,274.813,1751.441,365.806,1017.769,1815.665,2833.008,1322.077,561.719,317.734,3107.522,774.588,3058.998
2/23/11 13:00,4828.143,678.588,521.494,121.833,299.754,1958.758,415.42,1121.078,1995.913,3153.623,1458.039,602.85,351.085,3285.818,860.914,3406.752
2/23/11 14:00,4993.833,709.479,535.585,124.037,301.314,2039.783,439.939,1149.489,2099.282,3307.073,1508.973,635.918,373.544,3405.702,862.703,3538.835
2/23/11 15:00,4972.227,700.024,535.049,123.35,303.727,2000.342,431.211,1133.921,1992.903,3313.234,1474.515,648.827,386.938,3354.225,816.996,3521.091
2/23/11 16:00,4949.174,686.348,536.304,123.118,306.578,1989.764,421.825,1101.483,1963.343,3304.991,1434.607,653.287,390.887,3308.449,787.91,3481.839
2/23/11 17:00,4919.024,665.505,530.854,126.476,307.275,1990.224,416.543,1088.153,1912.26,3275.681,1412.1,645.882,389.039,3277.193,764.578,3456.717
2/23/11 18:00,4908.016,647.375,519.478,127.154,301.941,1978.778,407.816,1069.546,1845.763,3223.63,1380.954,647.369,380.613,3245.396,740.741,3416.679
2/23/11 19:00,4893.555,623.015,514.021,126.493,299.793,1942.05,401.233,1068.165,1796.756,3182.351,1352.397,641.77,375.856,3214.867,726.377,3375.666
2/23/11 20:00,4740.936,592.745,507.845,123.237,290.767,1863.329,395.688,1011.579,1760.28,3175.149,1338.468,635.588,365.7,3208.179,718.87,3331.033
2/23/11 21:00,4678.934,564.362,501.001,118.466,283.545,1821.703,387.103,965.163,1670.351,3147.232,1317.231,626.275,354.482,3216.049,712.119,3279.955
2/23/11 22:00,4642.799,551.171,489.122,117.108,273.229,1773.429,377.281,946.799,1687.229,3132.995,1302.31,614.207,347.334,3224.317,710.461,3214.452
2/23/11 23:00,4644.285,551.448,486.694,117.741,274.683,1758.062,377.678,947.956,1686.692,3131.408,1308.989,609.123,347.48,3231.992,717.626,3172.321
2/24/11 0:00,4687.158,564.654,487.767,122.172,273.522,1788.338,383.724,968.586,1692.767,3123.085,1346.652,592.794,349.54,3223.361,739.807,3178.011
2/24/11 1:00,4912.682,600.802,510.972,133.44,285.501,1890.347,409.887,1048.136,1809.712,3236.595,1451.007,603.545,371.672,3250.176,795.846,3350.325
2/24/11 2:00,4977.417,602.487,515.689,133.84,287.249,1894.342,417.276,1098.35,1876.26,3295.348,1482.282,633.838,367.481,3356.273,829.062,3409.921
2/24/11 3:00,4887.198,590.316,507.896,130.717,286.006,1864.988,410.291,1101.477,1887.763,3249.509,1466.625,626.392,358.484,3318.794,825.501,3361.573
2/24/11 4:00,4695.123,567.156,494.247,123.377,279.92,1788.928,396.357,1021.778,1861.351,3156.259,1421.194,615.33,341.387,3268.502,804.242,3253.918
2/24/11 5:00,4354.97,526.574,477.854,111.485,268.702,1662.441,368.062,966.867,1811.296,2953.738,1334.985,594.11,317.167,3171.053,747.845,3056.611
2/24/11 6:00,4002.939,486.251,457.338,100.993,257.39,1539.756,343.005,891.074,1679.27,2711.63,1256.413,567.625,295.027,3060.355,691.107,2853.427
2/24/11 7:00,3781.547,456.931,440.83,95.229,248.818,1468.43,329.999,903.444,1640.629,2550.147,1211.642,549.653,277.271,2970.949,660.163,2730.1
2/24/11 8:00,3681.477,441.925,432.925,92.802,244.46,1442.992,324.293,938.154,1663.413,2472.813,1194.972,537.851,267.089,2947.411,645.111,2675.945
2/24/11 9:00,3610.355,437.102,429.481,92.008,247.158,1440.605,319.242,891.865,1681.387,2435.977,1186.891,533.024,261.136,2930.529,638.016,2658.633
2/24/11 10:00,3585.474,438.237,428.662,92.429,247.811,1458.134,322.46,921.471,1721.973,2428.976,1194.396,534.18,258.116,2936.297,635.312,2673.932
2/24/11 11:00,3662.879,450.828,436.823,97.323,251.443,1516.098,333.852,967.003,1777.528,2485.472,1227.456,540.258,264.575,2957.502,641.292,2759.111
2/24/11 12:00,3922.654,496.081,455.955,106.156,263.676,1658.905,360.89,992.929,1881.949,2652.205,1305.411,560.974,284.364,3039.067,674.773,2971.358
2/24/11 13:00,4464.716,576.768,493.244,118.635,290.973,1884.662,414.805,1089.39,2069.216,2964.866,1451.256,610.939,318.032,3221.411,759.384,3344.938
2/24/11 14:00,4694.201,620.772,513.272,125.452,308.297,2029.757,450.032,1107.709,2191.76,3183.823,1518.394,653.886,337.689,3347.123,784.31,3572.815
2/24/11 15:00,4741.611,626.795,517.16,128.867,316.282,2054.344,455.307,1147.54,2177.803,3211.187,1515.631,668.86,358.196,3334.318,757.808,3609.465
2/24/11 16:00,4797.787,636.811,525.251,132.607,321.396,2083.096,459.188,1162.778,2165.586,3237.041,1525.787,677.952,366.525,3325.027,756.426,3658.708
2/24/11 17:00,4825.691,646.924,535.361,137.177,327.174,2131.112,464.434,1190.212,2152.591,3255.623,1544.217,686.749,375.331,3301.766,756.274,3717.443
2/24/11 18:00,4856.132,657.795,534.105,138.926,326.417,2137.106,466.439,1203.985,2118.478,3265.644,1544.737,692.67,378.313,3276.559,745.27,3760.48
2/24/11 19:00,4860.212,664.039,520.967,141.122,331.429,2156.113,467.245,1212.344,2121.491,3241.165,1536.867,687.393,381.683,3261.325,742.849,3760.348
2/24/11 20:00,4848.323,668.145,516.284,141.557,328.582,2163.034,467.954,1213.261,2098.592,3242.069,1537.788,688.036,385.389,3245.634,741.905,3758.34
2/24/11 21:00,4819.819,665.974,497.752,141.159,327.052,2151.124,467.836,1205.026,2109.209,3217.76,1534.144,679.845,384.545,3224.439,736.624,3747.405
2/24/11 22:00,4785.252,660.8,498.919,140.995,319.136,2140.089,468.781,1209.492,2090.285,3187.158,1536.957,673.211,380.88,3213.257,742.716,3743.107
2/24/11 23:00,4773.409,663.285,511.198,144.99,317.101,2165.732,471.011,1233.852,2143.551,3215.808,1569.767,670.293,387.035,3218.848,761.947,3778.995
2/25/11 0:00,4787.381,679.14,525.504,150.749,320.929,2236.25,477.918,1268.792,2161.777,3332.421,1608.208,661.609,387.797,3206.323,807.706,3847.588
2/25/11 1:00,5020.815,710.1,544.991,157.437,327.208,2295.048,500.139,1306.18,2240.873,3529.22,1662.602,671.242,402.65,3265.517,886.608,3950.874
2/25/11 2:00,5087.049,705.888,548.834,155.88,330.061,2266.258,499.421,1289.225,2255.922,3608.053,1650.947,677.177,397.442,3418.644,936.045,3938.991
2/25/11 3:00,5034.537,699.545,545.478,150.977,323.989,2213.169,485.032,1251.933,2229.41,3609.973,1614.647,666.927,388.207,3426.945,948.521,3851.764
2/25/11 4:00,4864.051,680.728,536.88,140.935,313.281,2105.288,459.165,1197.81,2169.664,3540.105,1542.582,649.577,372.327,3401.65,944.799,3710.864
2/25/11 5:00,4596.81,647.705,523.567,127.571,301.38,1954.017,425.318,1117.797,2088.154,3371.236,1440.574,623.545,347.405,3320.663,904.852,3493.867
2/25/11 6:00,4295.032,616.642,510.634,117.639,290.01,1829.69,397.399,1049.049,2023.665,3194.02,1355.249,599.789,326.379,3219.398,865.301,3286.438
2/25/11 7:00,4127.712,599.96,500.902,111.986,284.475,1769.39,381.47,1014.912,1969.105,3091.205,1311.459,583.596,312.652,3162.288,843.632,3165.822
2/25/11 8:00,4057.589,589.543,496.785,109.113,278.452,1739.383,375.019,999.848,1981.307,3029.651,1293.009,573.865,304.838,3150.891,843.027,3116.2
2/25/11 9:00,4032.321,590.803,494.346,108.302,278.015,1730.827,373.553,998.382,1962.779,3000.138,1295.368,567.914,300.25,3163.794,852.759,3086.926
2/25/11 10:00,4088.738,595.807,496.813,109.143,279.236,1747.944,374.34,1007.919,1972.8,3002.891,1301.256,567.679,298.918,3185.363,863.799,3099.774
2/25/11 11:00,4212.857,616.186,506.769,113.885,282.884,1794.556,382.968,1039.008,2001.017,3062.622,1323.689,571.311,304.91,3220.462,887.625,3167.365
2/25/11 12:00,4531.214,658.995,527.064,120.108,295.93,1897.209,404.94,1101.266,2088.777,3254.757,1396.466,588.478,326.474,3310.112,932.124,3345.503
2/25/11 13:00,5181.404,733.96,560.918,129.03,314.293,2082.742,451.063,1179.458,2245.805,3576.934,1523.501,627.754,360.081,3501.313,1031.661,3661.55
2/25/11 14:00,5459.191,773.99,581.434,129.205,319.354,2154.384,472.353,1209.1,2350.553,3775.399,1577.202,660.894,381.218,3651.31,1052.413,3823.311
2/25/11 15:00,5486.287,774.095,584.717,132.319,332.046,2170.178,468.191,1231.006,2319.363,3800.984,1576.316,677.636,394.901,3637.211,1024.483,3881.043
2/25/11 16:00,5500.957,774.64,588.788,137.523,332.53,2182.188,468.447,1240.795,2290.12,3832.367,1561.255,686.901,399.991,3621.069,1016.392,3903.207
2/25/11 17:00,5469.244,773.232,593.013,140.638,334.94,2180.037,464.499,1236.341,2262.442,3844.02,1562.586,693.182,404.846,3577.52,1001.26,3924.307
2/25/11 18:00,5371.341,763.071,586.499,140.628,332.708,2155.425,457.305,1213.17,2225.68,3808.097,1544.849,691.865,401.707,3518.696,979.699,3907.822
2/25/11 19:00,5236.72,747.566,581.035,138.7,329.365,2126.403,454.185,1184.048,2163.325,3767.04,1516.057,685.404,397.011,3442.216,950.02,3850.259
2/25/11 20:00,5130.755,733.407,577.032,136.909,324.589,2092.021,456.278,1164.993,2113.318,3720.616,1515.121,682.076,392.388,3390.483,927.437,3809.678
2/25/11 21:00,5002.029,719.188,572.401,134.465,318.077,2052.2,453.925,1145.659,2154.677,3657.492,1513.339,674.274,387.794,3347.825,902.14,3772.003
2/25/11 22:00,4942.902,718.382,563.679,134.034,311.845,2040.028,450.722,1146.292,2148.047,3566.629,1514.445,669.006,383.466,3302.411,886.39,3733.021
2/25/11 23:00,4920.676,722.355,560.962,136.243,304.247,2059.09,453.801,1164.447,2167.255,3563.363,1533.08,666.115,385.146,3283.265,890.862,3719.861
2/26/11 0:00,4939.587,732.92,559.579,140.984,305.841,2092.306,461.375,1191.438,2184.823,3583.146,1555.385,657.069,389.59,3255.139,920.781,3733.87
2/26/11 1:00,5212.809,750.945,571.126,149.276,318.08,2162.906,480.332,1240.966,2238.455,3719.503,1614.139,665.504,400.387,3305.039,979.754,3831.736
2/26/11 2:00,5308.956,739.845,566.923,148.653,321.222,2144.31,478.215,1228.369,2256.215,3732.24,1610.936,676.867,392.315,3418.57,1005.73,3816.214
2/26/11 3:00,5284.11,726.372,561.573,144.659,312.501,2106.278,464.868,1201.829,2228.821,3707.79,1579.813,668.551,382.656,3418.595,1005.592,3748.644
2/26/11 4:00,5188.471,703.978,548.758,138.131,300.716,2042.444,446.783,1168.25,2178.137,3625.25,1529.358,656.621,366.677,3382.708,1005.466,3646.018
2/26/11 5:00,4991.217,667.924,535.081,128.354,289.052,1942.056,421.128,1111.597,2109.787,3494.082,1450.151,639.691,343.691,3341.493,983.115,3475.97
2/26/11 6:00,4759.184,628.224,513.094,118.429,273.925,1839.624,396.335,1050.197,2033.969,3331.646,1371.701,619.635,321.645,3263.888,948.608,3290.548
2/26/11 7:00,4583.999,600.669,494.718,112.002,263.244,1766.963,377.549,1013.366,1982.533,3190.966,1312.431,600.035,305.345,3205.008,929.592,3153.117
2/26/11 8:00,4498.215,583.062,484.988,108.478,258.389,1729.457,367.031,996.009,1961.141,3142.369,1271.225,587.831,296.385,3166.3,920.724,3072.809
2/26/11 9:00,4443.44,572.957,482.302,107.122,253.018,1714.839,361.75,988.768,1953.465,3091.662,1256.586,578.843,290.139,3152.765,916.741,3023.04
2/26/11 10:00,4451.66,570.397,479.781,105.75,248.678,1707.28,358.558,985.095,1946.548,3058.982,1249.006,573.747,286.956,3164.583,918.16,3007.442
2/26/11 11:00,4522.399,573.291,482.537,106.458,248.425,1718.6,361.115,993.025,1936.788,3074.997,1254.339,576.412,288.997,3197.701,931.728,3032.289
2/26/11 12:00,4654.585,591.314,485.629,109.474,251.181,1772.583,372.11,1016.244,1995.18,3154.795,1280.597,584.1,298.706,3250.086,953.16,3114.72
2/26/11 13:00,4871.096,619.236,497.857,115.141,258.032,1849.964,392.456,1052.704,2099.687,3277.186,1331.857,598.843,311.889,3332.468,980.998,3243.734
2/26/11 14:00,5042.751,643.714,505.264,119.436,259.779,1895.729,405.726,1080.664,2148.585,3385.799,1363.38,611.425,317.409,3378.484,1005.071,3325.051
2/26/11 15:00,5209.356,668.618,519.734,125.059,265.02,1958.704,421.007,1117.417,2229.285,3502.54,1413.336,624.37,330.808,3381.338,1023.042,3442.493
2/26/11 16:00,5263.23,679.249,528.675,131.54,272.783,2008.92,432.976,1141.709,2230.2,3570.864,1447.797,639.591,343.24,3363.287,1020.493,3535.573
2/26/11 17:00,5191.534,671.893,527.77,136.163,272.918,2034.598,432.595,1148.306,2192.995,3545.216,1457.659,652.12,349.146,3317.977,986.489,3566.827
2/26/11 18:00,5006.506,654.005,525.156,135.632,268.779,2012.704,428.848,1128.612,2142.117,3483.348,1443.359,658.226,345.868,3237.827,934.188,3550.963
2/26/11 19:00,4764.742,629.723,512.18,133.424,266.211,1972.362,421.646,1096.247,2075.374,3310.281,1414.319,640.933,339.243,3186.151,870.315,3491.244
2/26/11 20:00,4556.662,604.468,500.562,131.369,266.129,1936.473,411.29,1070.679,1987.792,3141.901,1391.454,614.709,333.982,3152.574,813.527,3424.489
2/26/11 21:00,4426.024,578.068,485.027,129.711,263.46,1904.81,404.758,1052.31,1950.095,2991.625,1373.574,596.562,325.097,3113.214,764.686,3363.873
2/26/11 22:00,4330.654,562.923,478.013,129.067,256.522,1894.857,405.126,1049.994,1937.329,2919.394,1369.825,586.325,319.576,3096.385,737.156,3326.878
2/26/11 23:00,4310.824,554.322,473.097,131.064,255.576,1901.347,409.143,1062.921,1935.057,2897.44,1386.934,579.921,319.173,3087.426,729.744,3327.819
2/27/11 0:00,4380.17,564.077,480.661,134.388,260.05,1942.743,415.897,1090.393,1960.587,2915.065,1421.479,577.437,322.581,3073.282,740.124,3368.664
2/27/11 1:00,4661.487,602.54,501.932,142.574,270.791,2026.71,430.83,1134.308,2002.211,3093.386,1482.382,588.545,347.554,3103.752,784.378,3486.906
2/27/11 2:00,4717.575,606.154,507.907,141.616,273.511,2007.846,430.064,1120.828,2026.398,3149.222,1479.128,601.837,345.754,3211.538,817.408,3476.067
2/27/11 3:00,4629.89,600.213,503.396,138.164,270.595,1971.026,419.66,1098.829,2003.903,3115.094,1453.065,597.338,338.915,3183.592,812.311,3416.267
2/27/11 4:00,4482.305,587.23,495.442,131.573,265.172,1910.285,402.437,1065.171,1961.042,3046.556,1409.523,583.22,327.847,3137.138,794.724,3316.101
2/27/11 5:00,4283.656,564.575,480.458,122.322,255.227,1814.236,377.018,1010.235,1899.2,2919.503,1339.914,567.063,311.801,3082.337,765.2,3158.463
2/27/11 6:00,4032.782,533.629,460.349,113.519,246.346,1717.617,352.228,957.465,1811.975,2744.864,1266.202,547.839,296.39,3005.109,727.146,2993.634
2/27/11 7:00,3821.81,505.195,444.007,105.964,239.982,1643.896,335.242,921.846,1776.899,2592.974,1213.599,534.023,281.642,2945.983,695.857,2871.497
2/27/11 8:00,3695.763,482.036,436.938,102.09,235.225,1604.446,327.364,900.839,1742.544,2474.993,1178.708,520.905,271.724,2911.53,674.826,2803.233
2/27/11 9:00,3625.983,470.74,428.366,99.519,231.582,1581.828,321.018,889.419,1718.206,2428.162,1164.598,515.101,265.199,2893.805,660.144,2750.831
2/27/11 10:00,3564.424,460.996,425.27,98.53,230.433,1573.609,317.528,889.014,1723.012,2399.335,1154.495,513.17,260.741,2895.239,649.929,2719.739
2/27/11 11:00,3545.922,454.83,424.041,99.21,231.338,1578.521,317.786,894.01,1714.559,2388.44,1154.755,513.932,259.743,2915.324,648.129,2718.438
2/27/11 12:00,3613.875,457.868,425.366,101.486,233.607,1606.988,325.222,911.903,1729.258,2406.934,1172.879,518.532,264.727,2947.496,657.397,2760.832
2/27/11 13:00,3709.808,469.752,429.869,105.82,237.987,1646.641,337.378,941.475,1798.318,2469.384,1210.952,528.712,272.772,2969.886,672.772,2839.091
2/27/11 14:00,3822.368,482.4,432.739,107.981,235.684,1675.716,344.299,960.872,1814.98,2536.405,1223.389,532.242,273.76,3012.481,697.747,2899.97
2/27/11 15:00,4055.859,503.866,444.921,112.741,242.211,1728.702,357.065,989.434,1852.043,2649.018,1256.944,538.826,277.973,3052.72,740.43,2993.555
2/27/11 16:00,4175.864,502.709,454.723,117.556,247.49,1771.689,370,1007.708,1833.492,2743.073,1286.229,549.26,285.172,3077.328,756.891,3060.842
2/27/11 17:00,4193.515,488.836,454.331,120.315,249.308,1785.956,374.873,1004.878,1830.835,2769.575,1296.23,549.232,286.172,3039.483,744.465,3083.411
2/27/11 18:00,4211.033,474.624,452.835,122.746,249.802,1796.434,377.945,998.358,1774.761,2793.14,1299.574,552.727,286.387,3000.104,734.01,3088.622
2/27/11 19:00,4259.625,468.742,455.079,124.578,248.872,1794.95,382.021,992.94,1719.543,2808.507,1311.519,541.684,288.068,2979.127,740.324,3102.385
2/27/11 20:00,4236.428,460.908,453.828,125.565,249.588,1790.804,382.677,988.416,1687.039,2801.338,1314.483,544.129,287.864,2970.659,728.561,3114.945
2/27/11 21:00,4205.439,454.381,451.19,124.942,249.241,1796.391,382.701,986.652,1666.731,2804.119,1312.059,540.268,286.782,2947.52,722.09,3103.217
2/27/11 22:00,4228.028,452.88,448.318,128.115,256.017,1870.164,385.225,1015.188,1689.411,2833.378,1320.548,540.893,289.027,2895.126,717.43,3128.333
2/27/11 23:00,4293.217,459.022,452.534,138.363,269.563,1965.469,396.641,1075.786,1726.975,2878.095,1354.952,549.053,294.425,2900.248,725.065,3179.026
2/28/11 0:00,4386.208,473.152,457.256,137.941,266.143,1959.993,413.758,1091.652,1769.697,2927.526,1398.75,556.872,311.206,2930.562,738.521,3301.026
2/28/11 1:00,4665.451,512.897,478.053,143.369,279.364,2034.032,432.748,1130.769,1867.625,3085.181,1459.023,577.93,332.357,2996.484,783.005,3448.062
2/28/11 2:00,4804.659,522.543,487.514,140.516,288.195,2029.781,435.22,1129.324,1910.851,3187.028,1470.486,596.642,330.215,3138.974,827.818,3476.19
2/28/11 3:00,4723.349,509.252,487.28,136.66,289.486,1995.186,427.191,1110.732,1922.439,3142.484,1443.835,594.142,320.879,3162.711,821.422,3422.268
2/28/11 4:00,4527.58,483.732,472.345,129.264,278.746,1922.123,407.272,1068.032,1884.818,3010.893,1390.358,585.434,307.17,3168.558,788.554,3307.203
2/28/11 5:00,4226.424,444.46,456.384,119.732,271.81,1816.991,378.045,1006.841,1809.925,2814.314,1310.174,561.322,289.154,3081.03,745.284,3123.833
2/28/11 6:00,3884.194,408.47,437.256,110.786,263.045,1704.579,355.354,947.874,1727.853,2605.936,1236.487,537.867,268.137,2996.23,679.709,2938.364
2/28/11 7:00,3648.2,388.394,424.775,104.69,262.547,1630.854,341.939,921.124,1694.824,2453.332,1195.765,523.599,252.569,2944.058,640.115,2829.658
2/28/11 8:00,3560.356,381.307,419.08,102.245,261.445,1610.77,336.714,916.567,1678.658,2403.902,1179.757,519.792,244.266,2922.557,633.711,2787.876
2/28/11 9:00,3520.644,385.411,418.349,101.111,262.885,1603.89,336.89,916.091,1698.759,2408.465,1188.206,517.171,239.917,2927.986,641.046,2776.709
2/28/11 10:00,3517.046,401.357,422.046,101.291,264.433,1617.934,341.337,931.393,1711.774,2442.035,1198.046,517.908,241.149,2940.119,659.821,2800.389
2/28/11 11:00,3622.816,432.389,437.202,105.58,268.87,1675.008,353.331,968.476,1774.954,2536.731,1229.075,530.959,249.035,2999.352,693.031,2892.04
2/28/11 12:00,3918.362,492.888,469.472,113.899,286.649,1819.1,382.342,1053.772,1881.994,2777.889,1311.154,560.094,273.706,3121.479,758.735,3113.717
2/28/11 13:00,4546.331,595.487,514.933,126.39,308.11,2047.105,432.879,1171.36,2075.998,3201.88,1458.56,608.154,314.391,3357.082,881.471,3488.341
2/28/11 14:00,4865.523,660.332,540.761,128.273,316.567,2128.202,458.436,1198.911,2149.847,3457.494,1511.726,635.253,355.383,3485.175,916.866,3635.434
2/28/11 15:00,4923.532,678.12,550.88,128.695,319.616,2095.527,451.784,1169.025,2043.347,3528.304,1495.376,648.117,369.594,3459.018,892.552,3641.839
2/28/11 16:00,5001.547,689.637,557.008,129.909,323.819,2059.701,444.773,1139.774,1969.185,3539.227,1480.326,654.133,381.041,3417.633,881.121,3629.963
2/28/11 17:00,5067.873,691.246,559.37,130.951,320.319,2038.716,439.064,1118.147,1959.462,3537.041,1452.268,658.614,387.306,3389.768,860.25,3619.03
2/28/11 18:00,5030.874,668.877,547.399,128.691,316.796,2003.317,431.624,1090.933,1921.297,3476.817,1452.825,662.144,380.136,3357.028,830.447,3622.919
2/28/11 19:00,4946.196,641.073,534.083,127.626,308.739,1969.27,423.634,1062.605,1839.946,3423.94,1429.825,653.625,372.47,3302.842,800.078,3496.108
2/28/11 20:00,4894.273,611.479,519.836,125.586,309.135,1924.793,416.638,1039.111,1795.024,3360.742,1406.85,649.488,367.497,3265.744,776.23,3440.168
2/28/11 21:00,4770.676,585.844,510.404,123.149,303.6,1877.999,407.737,1016.406,1751.334,3280.685,1376.889,638.892,357.282,3234.565,753.655,3354.656
2/28/11 22:00,4694.29,570.457,497.869,121.477,289.165,1847.168,400.224,990.075,1752.864,3200.459,1358.388,627.197,350.515,3213.134,743.84,3274.293
2/28/11 23:00,4663.811,566.921,490.947,121.399,290.412,1833.489,401.623,991.296,1710.251,3156.156,1372.072,619.377,349.054,3190.773,746.834,3242.547
3/1/11 0:00,4714.237,584.698,493.07,127.023,288.049,1873.317,413.932,1033.333,1796.538,3145.649,1422.881,611.852,352.312,3183.962,773.052,3268.737
3/1/11 1:00,5071.968,642.707,523.619,143.455,305.891,2020.075,445.422,1140.556,1902.992,3343.487,1526.669,621.799,378.41,3245.447,821.335,3486.498
3/1/11 2:00,5279.056,667.786,539.12,147.193,315.353,2079.341,455.348,1176.413,1954.562,3454.962,1548.797,644.805,382.631,3394.036,890.558,3600.686
3/1/11 3:00,5252.79,673.846,539.869,145.565,313.307,2058.47,446.106,1166.195,1932.352,3441.082,1526.208,634.491,376.664,3383.027,904.223,3564.399
3/1/11 4:00,5091.958,662.469,535.144,137.695,309.964,1989.397,425.403,1133.999,1883.121,3352.638,1464.462,622.748,361.995,3333.443,905.227,3470.651
3/1/11 5:00,4806.664,635.76,518.765,126.421,295.033,1860.561,392.432,1058.595,1791.411,3178.535,1362.929,597.714,338.785,3232.655,872.772,3268.247
3/1/11 6:00,4513.28,610.505,503.761,114.701,284.545,1745.658,360.971,998.263,1716.67,3012.616,1271.203,568.895,318.698,3121.231,840.324,3067.147
